Workbook
Name Client: #REF!
Name Client: #REF!
Name Description: #REF!
Name Description: #REF!
Name OrderNumber: #REF!
Name OrderNumber: #REF!
Name PONumber: #REF!
Name PONumber: #REF!
Name Project: #REF!
Name Project: #REF!
Name SIL: #REF!
Name SIL: #REF!

Sheet Cover Sheet
A1: Doc Title: | C1: HeXI I/O Schedule
A2: Doc No: | C2: C15862H-HEXI-IOS | G2: Rev: | H2: 0/2
A3: Client: | C3: Diamond Light Source Limited
A4: Project: | C4: HIMax System
A5: Description: | C5: Safety Instrumented System for Three Flagship Beamlines and HeXI | I5: SC Ref:
A6: PO No: | C6: 9001537/8046970/9003503 | I6: C15862H
A25: B10 E - HeXI Safety Instrumented System
A29: I/O Schedule
B45: 0/2 | C45: 46128 | D45: Client Mods | I45: CW
B46: 0 | C46: 46064 | D46: First Issue | G46: EF | H46: NPB | I46: CW
B47: Revision | C47: Date | D47: Description | G47: By | H47: Chk | I47: App
B49: Carrington Field Street | Stockport | Cheshire | SK1 3JN
B50: Tel: 0161 429 4500 | Fax: 0161 476 3095 | Email: admin@sellacontrols.com | Web: www.sellacontrols.com

Sheet 005_AI
A1: TAG | B1: DESCRIPTION | C1: SIGNAL TYPE | D1: CHASSIS &SLOT No | E1: Channel No. | F1: Signal | G1: MODULE | H1: CONNECTION BOARD | I1: CB TERM. | J1: DEVICE LOCATION | K1: DEVICE TAG | L1: WIRE COLOUR | M1: WIRE TYPE | N1: WIRE NUMBER | O1: TERMINAL BLOCK | P1: TERM. No. | Q1: Loop Type | R1: REV.
A2: B10E-PS-OXMON-01 | B2: Oxygen Monitor 01 | C2: 4-20mA | D2: {=_xlfn.LET(_xlpm.filepath,CELL("filename",D2),MID(_xlpm.filepath,FIND("]",_xlpm.filepath)+1,3))} -> 005 | E2: 1 | F2: ="S"&E2&"+" -> S1+ | G2: X-AI 32 02 | H2: X-CB 008 01 | I2: =TEXT(E2,"00")&"a" -> 01a | J2: HUTCH | K2: B10E-PS-OXMON-01 | M2: 3 x 0.5mm² LSZH | Q2: AI2 | R2: 0
F3: ="AI"&E2&"+" -> AI1+ | I3: =TEXT(E2,"00")&"b" -> 01b | L3: White (tri cable) | N3: =D2&"/"&F3 -> 005/AI1+ | O3: X-OXMON | P3: 3
F4: ="AI"&E2&"-" -> AI1- | I4: =TEXT(E2,"00")&"c" -> 01c
F5: 12L+/14 | L5: Brown (tri cable) | N5: 12L+/14 | O5: X-OXMON | P5: 1
F6: 12L-/14 | L6: Green (tri cable) | N6: 12L-/14 | O6: X-OXMON | P6: 4
A7: B10E-PS-OXMON-02 | B7: Oxygen Monitor 02 | C7: 4-20mA | D7: {=_xlfn.LET(_xlpm.filepath,CELL("filename",D7),MID(_xlpm.filepath,FIND("]",_xlpm.filepath)+1,3))} -> 005 | E7: 2 | F7: ="S"&E7&"+" -> S2+ | G7: X-AI 32 02 | H7: X-CB 008 01 | I7: =TEXT(E7,"00")&"a" -> 02a | J7: HUTCH | K7: B10E-PS-OXMON-02 | M7: 3 x 0.5mm² LSZH | Q7: AI2 | R7: 0
F8: ="AI"&E7&"+" -> AI2+ | I8: =TEXT(E7,"00")&"b" -> 02b | L8: White (tri cable) | N8: =D7&"/"&F8 -> 005/AI2+ | O8: X-OXMON | P8: 7
F9: ="AI"&E7&"-" -> AI2- | I9: =TEXT(E7,"00")&"c" -> 02c
F10: 12L+/14 | L10: Brown (tri cable) | N10: 12L+/14 | O10: X-OXMON | P10: 5
F11: 12L-/14 | L11: Green (tri cable) | N11: 12L-/14 | O11: X-OXMON | P11: 8
A12: B10E-PS-OXMON-03 | B12: Oxygen Monitor 03 | C12: 4-20mA | D12: {=_xlfn.LET(_xlpm.filepath,CELL("filename",D12),MID(_xlpm.filepath,FIND("]",_xlpm.filepath)+1,3))} -> 005 | E12: 3 | F12: ="S"&E12&"+" -> S3+ | G12: X-AI 32 02 | H12: X-CB 008 01 | I12: =TEXT(E12,"00")&"a" -> 03a | J12: HUTCH | K12: B10E-PS-OXMON-03 | M12: 3 x 0.5mm² LSZH | Q12: AI2 | R12: 0/1
F13: ="AI"&E12&"+" -> AI3+ | I13: =TEXT(E12,"00")&"b" -> 03b | L13: White (tri cable) | N13: =D12&"/"&F13 -> 005/AI3+ | O13: X-OXMON | P13: 11
F14: ="AI"&E12&"-" -> AI3- | I14: =TEXT(E12,"00")&"c" -> 03c
F15: 12L+/15 | L15: Brown (tri cable) | N15: 12L+/15 | O15: X-OXMON | P15: 9
F16: 12L-/15 | L16: Green (tri cable) | N16: 12L-/15 | O16: X-OXMON | P16: 12
A17: B10E-PS-OXMON-04 | B17: Oxygen Monitor 04 | C17: 4-20mA | D17: {=_xlfn.LET(_xlpm.filepath,CELL("filename",D17),MID(_xlpm.filepath,FIND("]",_xlpm.filepath)+1,3))} -> 005 | E17: 4 | F17: ="S"&E17&"+" -> S4+ | G17: X-AI 32 02 | H17: X-CB 008 01 | I17: =TEXT(E17,"00")&"a" -> 04a | J17: HUTCH | K17: B10E-PS-OXMON-04 | M17: 3 x 0.5mm² LSZH | Q17: AI2 | R17: 0/1
F18: ="AI"&E17&"+" -> AI4+ | I18: =TEXT(E17,"00")&"b" -> 04b | L18: White (tri cable) | N18: =D17&"/"&F18 -> 005/AI4+ | O18: X-OXMON | P18: 15
F19: ="AI"&E17&"-" -> AI4- | I19: =TEXT(E17,"00")&"c" -> 04c
F20: 12L+/15 | L20: Brown (tri cable) | N20: 12L+/15 | O20: X-OXMON | P20: 13
F21: 12L-/15 | L21: Green (tri cable) | N21: 12L-/15 | O21: X-OXMON | P21: 16
A22: ="SPAI-"&D22&"/"&E22 -> SPAI-005/5 | B22: Wired Spare Input | C22: 4-20mA | D22: {=_xlfn.LET(_xlpm.filepath,CELL("filename",D22),MID(_xlpm.filepath,FIND("]",_xlpm.filepath)+1,3))} -> 005 | E22: 5 | F22: ="S"&E22&"+" -> S5+ | G22: X-AI 32 02 | H22: X-CB 008 01 | I22: =TEXT(E22,"00")&"a" -> 05a | L22: Brown (tri cable) | M22: 3 x 0.5mm² LSZH | N22: =D22&"/"&F22 -> 005/S5+ | O22: X-SPAI | P22: 1 | Q22: AI1 | R22: 0/1 | T22: Removed
F23: ="AI"&E22&"+" -> AI5+ | I23: =TEXT(E22,"00")&"b" -> 05b | L23: White (tri cable) | N23: =D22&"/"&F23 -> 005/AI5+ | O23: X-SPAI | P23: 2
F24: ="AI"&E22&"-" -> AI5- | I24: =TEXT(E22,"00")&"c" -> 05c | L24: Green (tri cable) | N24: =D22&"/"&F24 -> 005/AI5- | O24: X-SPAI | P24: 3
A25: ="SPAI-"&D25&"/"&E25 -> SPAI-005/6 | B25: Wired Spare Input | C25: 4-20mA | D25: {=_xlfn.LET(_xlpm.filepath,CELL("filename",D25),MID(_xlpm.filepath,FIND("]",_xlpm.filepath)+1,3))} -> 005 | E25: 6 | F25: ="S"&E25&"+" -> S6+ | G25: X-AI 32 02 | H25: X-CB 008 01 | I25: =TEXT(E25,"00")&"a" -> 06a | L25: Brown (tri cable) | M25: 3 x 0.5mm² LSZH | N25: =D25&"/"&F25 -> 005/S6+ | O25: X-SPAI | P25: 4 | Q25: AI1 | R25: 0/1 | T25: Removed
F26: ="AI"&E25&"+" -> AI6+ | I26: =TEXT(E25,"00")&"b" -> 06b | L26: White (tri cable) | N26: =D25&"/"&F26 -> 005/AI6+ | O26: X-SPAI | P26: 5
F27: ="AI"&E25&"-" -> AI6- | I27: =TEXT(E25,"00")&"c" -> 06c | L27: Green (tri cable) | N27: =D25&"/"&F27 -> 005/AI6- | O27: X-SPAI | P27: 6
A28: B10E-PS-IT-01 | B28: Current Transmitter L1 (E. Source) | C28: 4-20mA | D28: {=_xlfn.LET(_xlpm.filepath,CELL("filename",D28),MID(_xlpm.filepath,FIND("]",_xlpm.filepath)+1,3))} -> 005 | E28: 7 | F28: ="S"&E28&"+" -> S7+ | G28: X-AI 32 02 | H28: X-CB 008 01 | I28: =TEXT(E28,"00")&"a" -> 07a | J28: ELECTRON SOURCE | K28: B10E-PS-IT-01 | L28: Brown (tri cable) | M28: 3 x 0.5mm² LSZH | N28: =D28&"/"&F28 -> 005/S7+ | O28: X-INTF07 | P28: 21 | Q28: AI1 | R28: 0
F29: ="AI"&E28&"+" -> AI7+ | I29: =TEXT(E28,"00")&"b" -> 07b | L29: White (tri cable) | N29: =D28&"/"&F29 -> 005/AI7+ | O29: X-INTF07 | P29: 22
F30: ="AI"&E28&"-" -> AI7- | I30: =TEXT(E28,"00")&"c" -> 07c | L30: Green (tri cable) | N30: =D28&"/"&F30 -> 005/AI7- | O30: X-INTF07 | P30: 23
A31: B10E-PS-IT-02 | B31: Current Transmitter L2 (E. Source) | C31: 4-20mA | D31: {=_xlfn.LET(_xlpm.filepath,CELL("filename",D31),MID(_xlpm.filepath,FIND("]",_xlpm.filepath)+1,3))} -> 005 | E31: 8 | F31: ="S"&E31&"+" -> S8+ | G31: X-AI 32 02 | H31: X-CB 008 01 | I31: =TEXT(E31,"00")&"a" -> 08a | J31: ELECTRON SOURCE | K31: B10E-PS-IT-02 | L31: Brown (tri cable) | M31: 3 x 0.5mm² LSZH | N31: =D31&"/"&F31 -> 005/S8+ | O31: X-INTF07 | P31: 24 | Q31: AI1 | R31: 0
F32: ="AI"&E31&"+" -> AI8+ | I32: =TEXT(E31,"00")&"b" -> 08b | L32: White (tri cable) | N32: =D31&"/"&F32 -> 005/AI8+ | O32: X-INTF07 | P32: 25
F33: ="AI"&E31&"-" -> AI8- | I33: =TEXT(E31,"00")&"c" -> 08c | L33: Green (tri cable) | N33: =D31&"/"&F33 -> 005/AI8- | O33: X-INTF07 | P33: 26
A34: B10E-PS-IT-03 | B34: Current Transmitter L3 (E. Source) | C34: 4-20mA | D34: {=_xlfn.LET(_xlpm.filepath,CELL("filename",D34),MID(_xlpm.filepath,FIND("]",_xlpm.filepath)+1,3))} -> 005 | E34: 9 | F34: ="S"&E34&"+" -> S9+ | G34: X-AI 32 02 | H34: X-CB 008 01 | I34: =TEXT(E34,"00")&"a" -> 09a | J34: ELECTRON SOURCE | K34: B10E-PS-IT-03 | L34: Brown (tri cable) | M34: 3 x 0.5mm² LSZH | N34: =D34&"/"&F34 -> 005/S9+ | O34: X-INTF07 | P34: 27 | Q34: AI1 | R34: 0
F35: ="AI"&E34&"+" -> AI9+ | I35: =TEXT(E34,"00")&"b" -> 09b | L35: White (tri cable) | N35: =D34&"/"&F35 -> 005/AI9+ | O35: X-INTF07 | P35: 28
F36: ="AI"&E34&"-" -> AI9- | I36: =TEXT(E34,"00")&"c" -> 09c | L36: Green (tri cable) | N36: =D34&"/"&F36 -> 005/AI9- | O36: X-INTF07 | P36: 29
A37: B10E-PS-VT-01 | B37: Voltage Transmitter L1 (E. Source) | C37: 4-20mA | D37: {=_xlfn.LET(_xlpm.filepath,CELL("filename",D37),MID(_xlpm.filepath,FIND("]",_xlpm.filepath)+1,3))} -> 005 | E37: 10 | F37: ="S"&E37&"+" -> S10+ | G37: X-AI 32 02 | H37: X-CB 008 01 | I37: =TEXT(E37,"00")&"a" -> 10a | J37: ELECTRON SOURCE | K37: B10E-PS-VT-01 | L37: Brown (tri cable) | M37: 3 x 0.5mm² LSZH | N37: =D37&"/"&F37 -> 005/S10+ | O37: X-INTF07 | P37: 30 | Q37: AI1 | R37: 0/2 | T37: Rewire
F38: ="AI"&E37&"+" -> AI10+ | I38: 10b | L38: White (tri cable) | N38: =D37&"/"&F38 -> 005/AI10+ | O38: X-INTF07 | P38: 31
F39: ="AI"&E37&"-" -> AI10- | I39: 10c | L39: Green (tri cable) | N39: =D37&"/"&F39 -> 005/AI10- | O39: X-INTF07 | P39: 32
A40: B10E-PS-VT-02 | B40: Voltage Transmitter L2 (E. Source) | C40: 4-20mA | D40: {=_xlfn.LET(_xlpm.filepath,CELL("filename",D40),MID(_xlpm.filepath,FIND("]",_xlpm.filepath)+1,3))} -> 005 | E40: 11 | F40: ="S"&E40&"+" -> S11+ | G40: X-AI 32 02 | H40: X-CB 008 01 | I40: =TEXT(E40,"00")&"a" -> 11a | J40: ELECTRON SOURCE | K40: B10E-PS-VT-02 | L40: Brown (tri cable) | M40: 3 x 0.5mm² LSZH | N40: =D40&"/"&F40 -> 005/S11+ | O40: X-INTF07 | P40: 33 | Q40: AI1 | R40: 0/2 | T40: Rewire
F41: ="AI"&E40&"+" -> AI11+ | I41: 11b | L41: White (tri cable) | N41: =D40&"/"&F41 -> 005/AI11+ | O41: X-INTF07 | P41: 34
F42: ="AI"&E40&"-" -> AI11- | I42: 11c | L42: Green (tri cable) | N42: =D40&"/"&F42 -> 005/AI11- | O42: X-INTF07 | P42: 35
A43: B10E-PS-VT-03 | B43: Voltage Transmitter L3 (E. Source) | C43: 4-20mA | D43: {=_xlfn.LET(_xlpm.filepath,CELL("filename",D43),MID(_xlpm.filepath,FIND("]",_xlpm.filepath)+1,3))} -> 005 | E43: 12 | F43: ="S"&E43&"+" -> S12+ | G43: X-AI 32 02 | H43: X-CB 008 01 | I43: =TEXT(E43,"00")&"a" -> 12a | J43: ELECTRON SOURCE | K43: B10E-PS-VT-03 | L43: Brown (tri cable) | M43: 3 x 0.5mm² LSZH | N43: =D43&"/"&F43 -> 005/S12+ | O43: X-INTF07 | P43: 36 | Q43: AI1 | R43: 0/2 | T43: Rewire
F44: ="AI"&E43&"+" -> AI12+ | I44: 12b | L44: White (tri cable) | N44: =D43&"/"&F44 -> 005/AI12+ | O44: X-INTF07 | P44: 37
F45: ="AI"&E43&"-" -> AI12- | I45: 12c | L45: Green (tri cable) | N45: =D43&"/"&F45 -> 005/AI12- | O45: X-INTF07 | P45: 38
A46: SPAI-005/15 | B46: Wired Spare Input | C46: 4-20mA | D46: {=_xlfn.LET(_xlpm.filepath,CELL("filename",D46),MID(_xlpm.filepath,FIND("]",_xlpm.filepath)+1,3))} -> 005 | E46: 13 | F46: ="S"&E46&"+" -> S13+ | G46: X-AI 32 02 | H46: X-CB 008 01 | I46: =TEXT(E46,"00")&"a" -> 13a | L46: Brown (tri cable) | M46: 3 x 0.5mm² LSZH | N46: =D46&"/"&F46 -> 005/S13+ | O46: X-SPAI | P46: 7 | Q46: AI1 | R46: 0/1 | T46: Removed
F47: ="AI"&E46&"+" -> AI13+ | I47: =TEXT(E46,"00")&"b" -> 13b | L47: White (tri cable) | N47: =D46&"/"&F47 -> 005/AI13+ | O47: X-SPAI | P47: 8
F48: ="AI"&E46&"-" -> AI13- | I48: =TEXT(E46,"00")&"c" -> 13c | L48: Green (tri cable) | N48: =D46&"/"&F48 -> 005/AI13- | O48: X-SPAI | P48: 9
A49: SPAI-005/16 | B49: Wired Spare Input | C49: 4-20mA | D49: {=_xlfn.LET(_xlpm.filepath,CELL("filename",D49),MID(_xlpm.filepath,FIND("]",_xlpm.filepath)+1,3))} -> 005 | E49: 14 | F49: ="S"&E49&"+" -> S14+ | G49: X-AI 32 02 | H49: X-CB 008 01 | I49: =TEXT(E49,"00")&"a" -> 14a | L49: Brown (tri cable) | M49: 3 x 0.5mm² LSZH | N49: =D49&"/"&F49 -> 005/S14+ | O49: X-SPAI | P49: 10 | Q49: AI1 | R49: 0/1 | T49: Removed
F50: ="AI"&E49&"+" -> AI14+ | I50: =TEXT(E49,"00")&"b" -> 14b | L50: White (tri cable) | N50: =D49&"/"&F50 -> 005/AI14+ | O50: X-SPAI | P50: 11
F51: ="AI"&E49&"-" -> AI14- | I51: =TEXT(E49,"00")&"c" -> 14c | L51: Green (tri cable) | N51: =D49&"/"&F51 -> 005/AI14- | O51: X-SPAI | P51: 12
A52: SPAI-005/15 | B52: Wired Spare Input | C52: 4-20mA | D52: {=_xlfn.LET(_xlpm.filepath,CELL("filename",D52),MID(_xlpm.filepath,FIND("]",_xlpm.filepath)+1,3))} -> 005 | E52: 15 | F52: ="S"&E52&"+" -> S15+ | G52: X-AI 32 02 | H52: X-CB 008 01 | I52: =TEXT(E52,"00")&"a" -> 15a | L52: Brown (tri cable) | M52: 3 x 0.5mm² LSZH | N52: =D52&"/"&F52 -> 005/S15+ | O52: X-SPAI | P52: 13 | Q52: AI1 | R52: 0/1
F53: ="AI"&E52&"+" -> AI15+ | I53: =TEXT(E52,"00")&"b" -> 15b | L53: White (tri cable) | N53: =D52&"/"&F53 -> 005/AI15+ | O53: X-SPAI | P53: 14
F54: ="AI"&E52&"-" -> AI15- | I54: =TEXT(E52,"00")&"c" -> 15c | L54: Green (tri cable) | N54: =D52&"/"&F54 -> 005/AI15- | O54: X-SPAI | P54: 15
A55: SPAI-005/16 | B55: Wired Spare Input | C55: 4-20mA | D55: {=_xlfn.LET(_xlpm.filepath,CELL("filename",D55),MID(_xlpm.filepath,FIND("]",_xlpm.filepath)+1,3))} -> 005 | E55: 16 | F55: ="S"&E55&"+" -> S16+ | G55: X-AI 32 02 | H55: X-CB 008 01 | I55: =TEXT(E55,"00")&"a" -> 16a | L55: Brown (tri cable) | M55: 3 x 0.5mm² LSZH | N55: =D55&"/"&F55 -> 005/S16+ | O55: X-SPAI | P55: 16 | Q55: AI1 | R55: 0/1
F56: ="AI"&E55&"+" -> AI16+ | I56: =TEXT(E55,"00")&"b" -> 16b | L56: White (tri cable) | N56: =D55&"/"&F56 -> 005/AI16+ | O56: X-SPAI | P56: 17
F57: ="AI"&E55&"-" -> AI16- | I57: =TEXT(E55,"00")&"c" -> 16c | L57: Green (tri cable) | N57: =D55&"/"&F57 -> 005/AI16- | O57: X-SPAI | P57: 18
A58: ="SPAI-"&D58&"/"&E58 -> SPAI-005/17 | B58: Wired Spare Input | C58: 4-20mA | D58: {=_xlfn.LET(_xlpm.filepath,CELL("filename",D58),MID(_xlpm.filepath,FIND("]",_xlpm.filepath)+1,3))} -> 005 | E58: 17 | F58: ="S"&E58&"+" -> S17+ | G58: X-AI 32 02 | H58: X-CB 008 01 | I58: =TEXT(E58,"00")&"a" -> 17a | L58: Brown (tri cable) | M58: 3 x 0.5mm² LSZH | N58: =D58&"/"&F58 -> 005/S17+ | O58: X-SPAI | P58: 19 | Q58: AI1 | R58: 0/1
F59: ="AI"&E58&"+" -> AI17+ | I59: =TEXT(E58,"00")&"b" -> 17b | L59: White (tri cable) | N59: =D58&"/"&F59 -> 005/AI17+ | O59: X-SPAI | P59: 20
F60: ="AI"&E58&"-" -> AI17- | I60: =TEXT(E58,"00")&"c" -> 17c | L60: Green (tri cable) | N60: =D58&"/"&F60 -> 005/AI17- | O60: X-SPAI | P60: 21
A61: ="SPAI-"&D61&"/"&E61 -> SPAI-005/18 | B61: Wired Spare Input | C61: 4-20mA | D61: {=_xlfn.LET(_xlpm.filepath,CELL("filename",D61),MID(_xlpm.filepath,FIND("]",_xlpm.filepath)+1,3))} -> 005 | E61: 18 | F61: ="S"&E61&"+" -> S18+ | G61: X-AI 32 02 | H61: X-CB 008 01 | I61: =TEXT(E61,"00")&"a" -> 18a | L61: Brown (tri cable) | M61: 3 x 0.5mm² LSZH | N61: =D61&"/"&F61 -> 005/S18+ | O61: X-SPAI | P61: 22 | Q61: AI1 | R61: 0/1
F62: ="AI"&E61&"+" -> AI18+ | I62: =TEXT(E61,"00")&"b" -> 18b | L62: White (tri cable) | N62: =D61&"/"&F62 -> 005/AI18+ | O62: X-SPAI | P62: 23
F63: ="AI"&E61&"-" -> AI18- | I63: =TEXT(E61,"00")&"c" -> 18c | L63: Green (tri cable) | N63: =D61&"/"&F63 -> 005/AI18- | O63: X-SPAI | P63: 24
A64: ="SPAI-"&D64&"/"&E64 -> SPAI-005/19 | B64: Wired Spare Input | C64: 4-20mA | D64: {=_xlfn.LET(_xlpm.filepath,CELL("filename",D64),MID(_xlpm.filepath,FIND("]",_xlpm.filepath)+1,3))} -> 005 | E64: 19 | F64: ="S"&E64&"+" -> S19+ | G64: X-AI 32 02 | H64: X-CB 008 01 | I64: =TEXT(E64,"00")&"a" -> 19a | L64: Brown (tri cable) | M64: 3 x 0.5mm² LSZH | N64: =D64&"/"&F64 -> 005/S19+ | O64: X-SPAI | P64: 25 | Q64: AI1 | R64: 0/1
F65: ="AI"&E64&"+" -> AI19+ | I65: =TEXT(E64,"00")&"b" -> 19b | L65: White (tri cable) | N65: =D64&"/"&F65 -> 005/AI19+ | O65: X-SPAI | P65: 26
F66: ="AI"&E64&"-" -> AI19- | I66: =TEXT(E64,"00")&"c" -> 19c | L66: Green (tri cable) | N66: =D64&"/"&F66 -> 005/AI19- | O66: X-SPAI | P66: 27
A67: ="SPAI-"&D67&"/"&E67 -> SPAI-005/20 | B67: Wired Spare Input | C67: 4-20mA | D67: {=_xlfn.LET(_xlpm.filepath,CELL("filename",D67),MID(_xlpm.filepath,FIND("]",_xlpm.filepath)+1,3))} -> 005 | E67: 20 | F67: ="S"&E67&"+" -> S20+ | G67: X-AI 32 02 | H67: X-CB 008 01 | I67: =TEXT(E67,"00")&"a" -> 20a | L67: Brown (tri cable) | M67: 3 x 0.5mm² LSZH | N67: =D67&"/"&F67 -> 005/S20+ | O67: X-SPAI | P67: 28 | Q67: AI1 | R67: 0/1
F68: ="AI"&E67&"+" -> AI20+ | I68: =TEXT(E67,"00")&"b" -> 20b | L68: White (tri cable) | N68: =D67&"/"&F68 -> 005/AI20+ | O68: X-SPAI | P68: 29
F69: ="AI"&E67&"-" -> AI20- | I69: =TEXT(E67,"00")&"c" -> 20c | L69: Green (tri cable) | N69: =D67&"/"&F69 -> 005/AI20- | O69: X-SPAI | P69: 30
A70: ="SPAI-"&D70&"/"&E70 -> SPAI-005/21 | B70: Wired Spare Input | C70: 4-20mA | D70: {=_xlfn.LET(_xlpm.filepath,CELL("filename",D70),MID(_xlpm.filepath,FIND("]",_xlpm.filepath)+1,3))} -> 005 | E70: 21 | F70: ="S"&E70&"+" -> S21+ | G70: X-AI 32 02 | H70: X-CB 008 01 | I70: =TEXT(E70,"00")&"a" -> 21a | L70: Brown (tri cable) | M70: 3 x 0.5mm² LSZH | N70: =D70&"/"&F70 -> 005/S21+ | O70: X-SPAI | P70: 31 | Q70: AI1 | R70: 0/1
F71: ="AI"&E70&"+" -> AI21+ | I71: =TEXT(E70,"00")&"b" -> 21b | L71: White (tri cable) | N71: =D70&"/"&F71 -> 005/AI21+ | O71: X-SPAI | P71: 32
F72: ="AI"&E70&"-" -> AI21- | I72: =TEXT(E70,"00")&"c" -> 21c | L72: Green (tri cable) | N72: =D70&"/"&F72 -> 005/AI21- | O72: X-SPAI | P72: 33
A73: ="SPAI-"&D73&"/"&E73 -> SPAI-005/22 | B73: Wired Spare Input | C73: 4-20mA | D73: {=_xlfn.LET(_xlpm.filepath,CELL("filename",D73),MID(_xlpm.filepath,FIND("]",_xlpm.filepath)+1,3))} -> 005 | E73: 22 | F73: ="S"&E73&"+" -> S22+ | G73: X-AI 32 02 | H73: X-CB 008 01 | I73: =TEXT(E73,"00")&"a" -> 22a | L73: Brown (tri cable) | M73: 3 x 0.5mm² LSZH | N73: =D73&"/"&F73 -> 005/S22+ | O73: X-SPAI | P73: 34 | Q73: AI1 | R73: 0/1
F74: ="AI"&E73&"+" -> AI22+ | I74: =TEXT(E73,"00")&"b" -> 22b | L74: White (tri cable) | N74: =D73&"/"&F74 -> 005/AI22+ | O74: X-SPAI | P74: 35
F75: ="AI"&E73&"-" -> AI22- | I75: =TEXT(E73,"00")&"c" -> 22c | L75: Green (tri cable) | N75: =D73&"/"&F75 -> 005/AI22- | O75: X-SPAI | P75: 36
A76: ="SPAI-"&D76&"/"&E76 -> SPAI-005/23 | B76: Wired Spare Input | C76: 4-20mA | D76: {=_xlfn.LET(_xlpm.filepath,CELL("filename",D76),MID(_xlpm.filepath,FIND("]",_xlpm.filepath)+1,3))} -> 005 | E76: 23 | F76: ="S"&E76&"+" -> S23+ | G76: X-AI 32 02 | H76: X-CB 008 01 | I76: =TEXT(E76,"00")&"a" -> 23a | L76: Brown (tri cable) | M76: 3 x 0.5mm² LSZH | N76: =D76&"/"&F76 -> 005/S23+ | O76: X-SPAI | P76: 37 | Q76: AI1 | R76: 0/1
F77: ="AI"&E76&"+" -> AI23+ | I77: =TEXT(E76,"00")&"b" -> 23b | L77: White (tri cable) | N77: =D76&"/"&F77 -> 005/AI23+ | O77: X-SPAI | P77: 38
F78: ="AI"&E76&"-" -> AI23- | I78: =TEXT(E76,"00")&"c" -> 23c | L78: Green (tri cable) | N78: =D76&"/"&F78 -> 005/AI23- | O78: X-SPAI | P78: 39
A79: ="SPAI-"&D79&"/"&E79 -> SPAI-005/24 | B79: Wired Spare Input | C79: 4-20mA | D79: {=_xlfn.LET(_xlpm.filepath,CELL("filename",D79),MID(_xlpm.filepath,FIND("]",_xlpm.filepath)+1,3))} -> 005 | E79: 24 | F79: ="S"&E79&"+" -> S24+ | G79: X-AI 32 02 | H79: X-CB 008 01 | I79: =TEXT(E79,"00")&"a" -> 24a | L79: Brown (tri cable) | M79: 3 x 0.5mm² LSZH | N79: =D79&"/"&F79 -> 005/S24+ | O79: X-SPAI | P79: 40 | Q79: AI1 | R79: 0/1
F80: ="AI"&E79&"+" -> AI24+ | I80: =TEXT(E79,"00")&"b" -> 24b | L80: White (tri cable) | N80: =D79&"/"&F80 -> 005/AI24+ | O80: X-SPAI | P80: 41
F81: ="AI"&E79&"-" -> AI24- | I81: =TEXT(E79,"00")&"c" -> 24c | L81: Green (tri cable) | N81: =D79&"/"&F81 -> 005/AI24- | O81: X-SPAI | P81: 42
A82: ="SPAI-"&D82&"/"&E82 -> SPAI-005/25 | B82: Wired Spare Input | C82: 4-20mA | D82: {=_xlfn.LET(_xlpm.filepath,CELL("filename",D82),MID(_xlpm.filepath,FIND("]",_xlpm.filepath)+1,3))} -> 005 | E82: 25 | F82: ="S"&E82&"+" -> S25+ | G82: X-AI 32 02 | H82: X-CB 008 01 | I82: =TEXT(E82,"00")&"a" -> 25a | L82: Brown (tri cable) | M82: 3 x 0.5mm² LSZH | N82: =D82&"/"&F82 -> 005/S25+ | O82: X-SPAI | P82: 43 | Q82: AI1 | R82: 0/1
F83: ="AI"&E82&"+" -> AI25+ | I83: =TEXT(E82,"00")&"b" -> 25b | L83: White (tri cable) | N83: =D82&"/"&F83 -> 005/AI25+ | O83: X-SPAI | P83: 44
F84: ="AI"&E82&"-" -> AI25- | I84: =TEXT(E82,"00")&"c" -> 25c | L84: Green (tri cable) | N84: =D82&"/"&F84 -> 005/AI25- | O84: X-SPAI | P84: 45
A85: ="SPAI-"&D85&"/"&E85 -> SPAI-005/26 | B85: Wired Spare Input | C85: 4-20mA | D85: {=_xlfn.LET(_xlpm.filepath,CELL("filename",D85),MID(_xlpm.filepath,FIND("]",_xlpm.filepath)+1,3))} -> 005 | E85: 26 | F85: ="S"&E85&"+" -> S26+ | G85: X-AI 32 02 | H85: X-CB 008 01 | I85: =TEXT(E85,"00")&"a" -> 26a | L85: Brown (tri cable) | M85: 3 x 0.5mm² LSZH | N85: =D85&"/"&F85 -> 005/S26+ | O85: X-SPAI | P85: 46 | Q85: AI1 | R85: 0/1
F86: ="AI"&E85&"+" -> AI26+ | I86: =TEXT(E85,"00")&"b" -> 26b | L86: White (tri cable) | N86: =D85&"/"&F86 -> 005/AI26+ | O86: X-SPAI | P86: 47
F87: ="AI"&E85&"-" -> AI26- | I87: =TEXT(E85,"00")&"c" -> 26c | L87: Green (tri cable) | N87: =D85&"/"&F87 -> 005/AI26- | O87: X-SPAI | P87: 48
A88: ="SPAI-"&D88&"/"&E88 -> SPAI-005/27 | B88: Wired Spare Input | C88: 4-20mA | D88: {=_xlfn.LET(_xlpm.filepath,CELL("filename",D88),MID(_xlpm.filepath,FIND("]",_xlpm.filepath)+1,3))} -> 005 | E88: 27 | F88: ="S"&E88&"+" -> S27+ | G88: X-AI 32 02 | H88: X-CB 008 01 | I88: =TEXT(E88,"00")&"a" -> 27a | L88: Brown (tri cable) | M88: 3 x 0.5mm² LSZH | N88: =D88&"/"&F88 -> 005/S27+ | O88: X-SPAI | P88: 49 | Q88: AI1 | R88: 0/1
F89: ="AI"&E88&"+" -> AI27+ | I89: =TEXT(E88,"00")&"b" -> 27b | L89: White (tri cable) | N89: =D88&"/"&F89 -> 005/AI27+ | O89: X-SPAI | P89: 50
F90: ="AI"&E88&"-" -> AI27- | I90: =TEXT(E88,"00")&"c" -> 27c | L90: Green (tri cable) | N90: =D88&"/"&F90 -> 005/AI27- | O90: X-SPAI | P90: 51
A91: ="SPAI-"&D91&"/"&E91 -> SPAI-005/28 | B91: Wired Spare Input | C91: 4-20mA | D91: {=_xlfn.LET(_xlpm.filepath,CELL("filename",D91),MID(_xlpm.filepath,FIND("]",_xlpm.filepath)+1,3))} -> 005 | E91: 28 | F91: ="S"&E91&"+" -> S28+ | G91: X-AI 32 02 | H91: X-CB 008 01 | I91: =TEXT(E91,"00")&"a" -> 28a | L91: Brown (tri cable) | M91: 3 x 0.5mm² LSZH | N91: =D91&"/"&F91 -> 005/S28+ | O91: X-SPAI | P91: 52 | Q91: AI1 | R91: 0/1
F92: ="AI"&E91&"+" -> AI28+ | I92: =TEXT(E91,"00")&"b" -> 28b | L92: White (tri cable) | N92: =D91&"/"&F92 -> 005/AI28+ | O92: X-SPAI | P92: 53
F93: ="AI"&E91&"-" -> AI28- | I93: =TEXT(E91,"00")&"c" -> 28c | L93: Green (tri cable) | N93: =D91&"/"&F93 -> 005/AI28- | O93: X-SPAI | P93: 54
A94: ="SPAI-"&D94&"/"&E94 -> SPAI-005/29 | B94: Wired Spare Input | C94: 4-20mA | D94: {=_xlfn.LET(_xlpm.filepath,CELL("filename",D94),MID(_xlpm.filepath,FIND("]",_xlpm.filepath)+1,3))} -> 005 | E94: 29 | F94: ="S"&E94&"+" -> S29+ | G94: X-AI 32 02 | H94: X-CB 008 01 | I94: =TEXT(E94,"00")&"a" -> 29a | L94: Brown (tri cable) | M94: 3 x 0.5mm² LSZH | N94: =D94&"/"&F94 -> 005/S29+ | O94: X-SPAI | P94: 55 | Q94: AI1 | R94: 0/1
F95: ="AI"&E94&"+" -> AI29+ | I95: =TEXT(E94,"00")&"b" -> 29b | L95: White (tri cable) | N95: =D94&"/"&F95 -> 005/AI29+ | O95: X-SPAI | P95: 56
F96: ="AI"&E94&"-" -> AI29- | I96: =TEXT(E94,"00")&"c" -> 29c | L96: Green (tri cable) | N96: =D94&"/"&F96 -> 005/AI29- | O96: X-SPAI | P96: 57
A97: ="SPAI-"&D97&"/"&E97 -> SPAI-005/30 | B97: Wired Spare Input | C97: 4-20mA | D97: {=_xlfn.LET(_xlpm.filepath,CELL("filename",D97),MID(_xlpm.filepath,FIND("]",_xlpm.filepath)+1,3))} -> 005 | E97: 30 | F97: ="S"&E97&"+" -> S30+ | G97: X-AI 32 02 | H97: X-CB 008 01 | I97: =TEXT(E97,"00")&"a" -> 30a | L97: Brown (tri cable) | M97: 3 x 0.5mm² LSZH | N97: =D97&"/"&F97 -> 005/S30+ | O97: X-SPAI | P97: 58 | Q97: AI1 | R97: 0/1
F98: ="AI"&E97&"+" -> AI30+ | I98: =TEXT(E97,"00")&"b" -> 30b | L98: White (tri cable) | N98: =D97&"/"&F98 -> 005/AI30+ | O98: X-SPAI | P98: 59
F99: ="AI"&E97&"-" -> AI30- | I99: =TEXT(E97,"00")&"c" -> 30c | L99: Green (tri cable) | N99: =D97&"/"&F99 -> 005/AI30- | O99: X-SPAI | P99: 60
A100: ="SPAI-"&D100&"/"&E100 -> SPAI-005/31 | B100: Wired Spare Input | C100: 4-20mA | D100: {=_xlfn.LET(_xlpm.filepath,CELL("filename",D100),MID(_xlpm.filepath,FIND("]",_xlpm.filepath)+1,3))} -> 005 | E100: 31 | F100: ="S"&E100&"+" -> S31+ | G100: X-AI 32 02 | H100: X-CB 008 01 | I100: =TEXT(E100,"00")&"a" -> 31a | L100: Brown (tri cable) | M100: 3 x 0.5mm² LSZH | N100: =D100&"/"&F100 -> 005/S31+ | O100: X-SPAI | P100: 61 | Q100: AI1 | R100: 0/1
...

Sheet 007_DI
A1: TAG | B1: DESCRIPTION | C1: SIGNAL TYPE | D1: CHASSIS &SLOT No | E1: Channel. No. | F1: Signal | G1: MODULE | H1: CONNECTION BOARD | I1: CB TERM. | J1: DEVICE LOCATION | K1: DEVICE TAG | L1: WIRE COLOUR | M1: WIRE TYPE | N1: WIRE NUMBER | O1: TERMINAL BLOCK | P1: TERM. No. | Q1: Loop Type | R1: REV.
A2: B10E-PS-FNFLT-01 | B2: Himax Fan Fault | C2: 24Vdc | D2: {=_xlfn.LET(_xlpm.filepath,CELL("filename",D2),MID(_xlpm.filepath,FIND("]",_xlpm.filepath)+1,3))} -> 007 | E2: 1 | F2: ="S"&E2&"+" -> S1+ | G2: X-DI 32 05 | H2: X-CB 005 01 | I2: =E2&"a" -> 1a | J2: LOGIC SOLVER | K2: B10E-PS-FAN-01 | L2: Red | M2: 0.5mm² H05Z-K | N2: =D2&"/"&F2 -> 007/S1+ | O2: FAN-0 | P2: 8 | Q2: DI2 | R2: 0
F3: ="DI"&E2&"+" -> DI1+ | I3: =E2&"b" -> 1b | L3: Grey | M3: 0.5mm² H05Z-K | N3: =D2&"/"&F3 -> 007/DI1+ | O3: FAN-0 | P3: 9
A4: B10E-PS-IOC-01:SYSTEMP | B4: Rack Internal Temperature Alarm | C4: 24Vdc | D4: {=_xlfn.LET(_xlpm.filepath,CELL("filename",D4),MID(_xlpm.filepath,FIND("]",_xlpm.filepath)+1,3))} -> 007 | E4: 2 | F4: ="S"&E4&"+" -> S2+ | G4: =G2 -> X-DI 32 05 | H4: =H2 -> X-CB 005 01 | I4: =E4&"a" -> 2a | J4: LOGIC SOLVER | K4: B10E-PS-STAT-1 | L4: Red | M4: 0.5mm² H05Z-K | N4: =D4&"/"&F4 -> 007/S2+ | O4: STAT-1 | P4: 3 | Q4: DI2 | R4: 0
F5: ="DI"&E4&"+" -> DI2+ | I5: =E4&"b" -> 2b | L5: Grey | M5: 0.5mm² H05Z-K | N5: =D4&"/"&F5 -> 007/DI2+ | O5: STAT-1 | P5: 5
A6: B10E-PS-PSU-01:A1:FAULT | B6: 24VDC PSU A1 Fault | C6: 24Vdc | D6: {=_xlfn.LET(_xlpm.filepath,CELL("filename",D6),MID(_xlpm.filepath,FIND("]",_xlpm.filepath)+1,3))} -> 007 | E6: 3 | F6: ="S"&E6&"+" -> S3+ | G6: =G4 -> X-DI 32 05 | H6: =H2 -> X-CB 005 01 | I6: =E6&"a" -> 3a | J6: LOGIC SOLVER | K6: B10E-PS-PSU-01:A1 | L6: Red | M6: 0.5mm² H05Z-K | N6: =D6&"/"&F6 -> 007/S3+ | O6: PSU-A1 | P6: 13 | Q6: DI2 | R6: 0
F7: ="DI"&E6&"+" -> DI3+ | I7: =E6&"b" -> 3b | L7: Grey | M7: 0.5mm² H05Z-K | N7: =D6&"/"&F7 -> 007/DI3+ | O7: PSU-A1 | P7: 14
A8: B10E-PS-PSU-01:A2:FAULT | B8: 24VDC PSU A2 Fault | C8: 24Vdc | D8: {=_xlfn.LET(_xlpm.filepath,CELL("filename",D8),MID(_xlpm.filepath,FIND("]",_xlpm.filepath)+1,3))} -> 007 | E8: 4 | F8: ="S"&E8&"+" -> S4+ | G8: =G6 -> X-DI 32 05 | H8: =H6 -> X-CB 005 01 | I8: =E8&"a" -> 4a | J8: LOGIC SOLVER | K8: B10E-PS-PSU-01:A2 | L8: Red | M8: 0.5mm² H05Z-K | N8: =D8&"/"&F8 -> 007/S4+ | O8: PSU-A2 | P8: 13 | Q8: DI2 | R8: 0
F9: ="DI"&E8&"+" -> DI4+ | I9: =E8&"b" -> 4b | L9: Grey | M9: 0.5mm² H05Z-K | N9: =D8&"/"&F9 -> 007/DI4+ | O9: PSU-A2 | P9: 14
A10: B10E-PS-PSU-01:A3:FAULT | B10: 24VDC PSU A3 Fault | C10: 24Vdc | D10: {=_xlfn.LET(_xlpm.filepath,CELL("filename",D10),MID(_xlpm.filepath,FIND("]",_xlpm.filepath)+1,3))} -> 007 | E10: 5 | F10: ="S"&E10&"+" -> S5+ | G10: =G8 -> X-DI 32 05 | H10: =H6 -> X-CB 005 01 | I10: =E10&"a" -> 5a | J10: LOGIC SOLVER | K10: B10E-PS-PSU-01:B1 | L10: Red | M10: 0.5mm² H05Z-K | N10: =D10&"/"&F10 -> 007/S5+ | O10: PSU-A3 | P10: 13 | Q10: DI2 | R10: 0/1 | T10: Add
F11: ="DI"&E10&"+" -> DI5+ | I11: =E10&"b" -> 5b | L11: Grey | M11: 0.5mm² H05Z-K | N11: =D10&"/"&F11 -> 007/DI5+ | O11: PSU-A3 | P11: 14
A12: B10E-PS-PSU-01:B1:FAULT | B12: 24VDC PSU B1 Fault | C12: 24Vdc | D12: {=_xlfn.LET(_xlpm.filepath,CELL("filename",D12),MID(_xlpm.filepath,FIND("]",_xlpm.filepath)+1,3))} -> 007 | E12: 6 | F12: ="S"&E12&"+" -> S6+ | G12: =G10 -> X-DI 32 05 | H12: =H10 -> X-CB 005 01 | I12: =E12&"a" -> 6a | J12: LOGIC SOLVER | K12: B10E-PS-PSU-01:B2 | L12: Red | M12: 0.5mm² H05Z-K | N12: =D12&"/"&F12 -> 007/S6+ | O12: PSU-B1 | P12: 13 | Q12: DI2 | R12: 0/1 | T12: Moved
F13: ="DI"&E12&"+" -> DI6+ | I13: =E12&"b" -> 6b | L13: Grey | M13: 0.5mm² H05Z-K | N13: =D12&"/"&F13 -> 007/DI6+ | O13: PSU-B1 | P13: 14
A14: B10E-PS-PSU-01:B2:FAULT | B14: 24VDC PSU B2 Fault | C14: 24Vdc | D14: {=_xlfn.LET(_xlpm.filepath,CELL("filename",D14),MID(_xlpm.filepath,FIND("]",_xlpm.filepath)+1,3))} -> 007 | E14: 7 | F14: ="S"&E14&"+" -> S7+ | G14: =G12 -> X-DI 32 05 | H14: =H10 -> X-CB 005 01 | I14: =E14&"a" -> 7a | J14: LOGIC SOLVER | K14: B10E-PS-SWITCH-01 | L14: Red | M14: 0.5mm² H05Z-K | N14: =D14&"/"&F14 -> 007/S7+ | O14: PSU-B2 | P14: 13 | Q14: DI2 | R14: 0/1 | T14: Moved
F15: ="DI"&E14&"+" -> DI7+ | I15: =E14&"b" -> 7b | L15: Grey | M15: 0.5mm² H05Z-K | N15: =D14&"/"&F15 -> 007/DI7+ | O15: PSU-B2 | P15: 14
A16: B10E-PS-PSU-01:B3FAULT | B16: 24VDC PSU B3 Fault | C16: 24Vdc | D16: {=_xlfn.LET(_xlpm.filepath,CELL("filename",D16),MID(_xlpm.filepath,FIND("]",_xlpm.filepath)+1,3))} -> 007 | E16: 8 | F16: ="S"&E16&"+" -> S8+ | G16: =G14 -> X-DI 32 05 | H16: =H14 -> X-CB 005 01 | I16: =E16&"a" -> 8a | J16: LOGIC SOLVER | K16: B10E-PS-WLT-01 | L16: Red | M16: 0.5mm² H05Z-K | N16: =D16&"/"&F16 -> 007/S8+ | O16: PSU-B3 | P16: 13 | Q16: DI2 | R16: 0/1 | T16: Add
F17: ="DI"&E16&"+" -> DI8+ | I17: =E16&"b" -> 8b | L17: Grey | M17: 0.5mm² H05Z-K | N17: =D16&"/"&F17 -> 007/DI8+ | O17: PSU-B3 | P17: 14
A18: B10E-PS-SWFLT-01 | B18: Network Switch Fault | C18: 24Vdc | D18: {=_xlfn.LET(_xlpm.filepath,CELL("filename",D18),MID(_xlpm.filepath,FIND("]",_xlpm.filepath)+1,3))} -> 007 | E18: 9 | F18: ="S"&E18&"+" -> S9+ | G18: =G16 -> X-DI 32 05 | H18: =H14 -> X-CB 005 01 | I18: =E18&"a" -> 9a | J18: LOGIC SOLVER | K18: B10E-PS-SWITCH-01 | L18: Red | M18: 0.5mm² H05Z-K | N18: =D18&"/"&F18 -> 007/S9+ | O18: SWITCH1 | P18: FAULT1 | Q18: DI2 | R18: 0/1 | T18: Moved
F19: ="DI"&E18&"+" -> DI9+ | I19: =E18&"b" -> 9b | L19: Grey | M19: 0.5mm² H05Z-K | N19: =D18&"/"&F19 -> 007/DI9+ | O19: SWITCH1 | P19: FAULT2
A20: B10E-PS-WLT-01 | B20: White Lights Enable (Relay Feedback) | C20: 24Vdc | D20: {=_xlfn.LET(_xlpm.filepath,CELL("filename",D20),MID(_xlpm.filepath,FIND("]",_xlpm.filepath)+1,3))} -> 007 | E20: 10 | F20: ="S"&E20&"+" -> S10+ | G20: =G18 -> X-DI 32 05 | H20: =H18 -> X-CB 005 01 | I20: =E20&"a" -> 10a | J20: LOGIC SOLVER | K20: B10E-PS-WLT-01 | L20: Red | M20: 0.5mm² H05Z-K | N20: =D20&"/"&F20 -> 007/S10+ | O20: CON-1 | P20: 21 | Q20: DI2 | R20: 0/1 | T20: Moved
F21: ="DI"&E20&"+" -> DI10+ | I21: =E20&"b" -> 10b | L21: Grey | M21: 0.5mm² H05Z-K | N21: =D20&"/"&F21 -> 007/DI10+ | O21: CON-1 | P21: 22
A22: B10E-PS-IOC-01:BOB:RESET | B22: SIS Control Room Reset - CH1 - Beam Off Buttons | C22: 24Vdc | D22: {=_xlfn.LET(_xlpm.filepath,CELL("filename",D22),MID(_xlpm.filepath,FIND("]",_xlpm.filepath)+1,3))} -> 007 | E22: 11 | F22: ="S"&E22&"+" -> S11+ | G22: =G20 -> X-DI 32 05 | H22: =H18 -> X-CB 005 01 | I22: =E22&"a" -> 11a | J22: CCR | K22: B10E-PS-INTF-08 | L22: Red | M22: 0.5mm² H05Z-K | N22: =D22&"/"&F22 -> 007/S11+ | O22: X-INTF08 | P22: 1 | Q22: DI1 | R22: 0
F23: ="DI"&E22&"+" -> DI11+ | I23: =E22&"b" -> 11b | L23: Grey | M23: 0.5mm² H05Z-K | N23: =D22&"/"&F23 -> 007/DI11+ | O23: X-INTF08 | P23: 2
A24: B10E-PS-IOC-01:SYS:RESET | B24: SIS Control Room Reset - CH2 - System | C24: 24Vdc | D24: {=_xlfn.LET(_xlpm.filepath,CELL("filename",D24),MID(_xlpm.filepath,FIND("]",_xlpm.filepath)+1,3))} -> 007 | E24: 12 | F24: ="S"&E24&"+" -> S12+ | G24: =G22 -> X-DI 32 05 | H24: =H22 -> X-CB 005 01 | I24: =E24&"a" -> 12a | J24: CCR | K24: B10E-PS-INTF-08 | L24: Red | M24: 0.5mm² H05Z-K | N24: =D24&"/"&F24 -> 007/S12+ | O24: X-INTF08 | P24: 3 | Q24: DI1 | R24: 0
F25: ="DI"&E24&"+" -> DI12+ | I25: =E24&"b" -> 12b | L25: Grey | M25: 0.5mm² H05Z-K | N25: =D24&"/"&F25 -> 007/DI12+ | O25: X-INTF08 | P25: 4
A26: B10E-PS-IOC-01:RDMN:RESET | B26: SIS Control Room Reset - CH3 - RadMon | C26: 24Vdc | D26: {=_xlfn.LET(_xlpm.filepath,CELL("filename",D26),MID(_xlpm.filepath,FIND("]",_xlpm.filepath)+1,3))} -> 007 | E26: 13 | F26: ="S"&E26&"+" -> S13+ | G26: =G24 -> X-DI 32 05 | H26: =H22 -> X-CB 005 01 | I26: =E26&"a" -> 13a | J26: CCR | K26: B10E-PS-INTF-08 | L26: Red | M26: 0.5mm² H05Z-K | N26: =D26&"/"&F26 -> 007/S13+ | O26: X-INTF08 | P26: 5 | Q26: DI1 | R26: 0
F27: ="DI"&E26&"+" -> DI13+ | I27: =E26&"b" -> 13b | L27: Grey | M27: 0.5mm² H05Z-K | N27: =D26&"/"&F27 -> 007/DI13+ | O27: X-INTF08 | P27: 6
A28: B10E-PS-IOC-01:GAS:RESET | B28: SIS Control Room Reset - CH4 - Gas / O2 | C28: 24Vdc | D28: {=_xlfn.LET(_xlpm.filepath,CELL("filename",D28),MID(_xlpm.filepath,FIND("]",_xlpm.filepath)+1,3))} -> 007 | E28: 14 | F28: ="S"&E28&"+" -> S14+ | G28: =G26 -> X-DI 32 05 | H28: =H26 -> X-CB 005 01 | I28: =E28&"a" -> 14a | J28: CCR | K28: B10E-PS-INTF-08 | L28: Red | M28: 0.5mm² H05Z-K | N28: =D28&"/"&F28 -> 007/S14+ | O28: X-INTF08 | P28: 7 | Q28: DI1 | R28: 0
F29: ="DI"&E28&"+" -> DI14+ | I29: =E28&"b" -> 14b | L29: Grey | M29: 0.5mm² H05Z-K | N29: =D28&"/"&F29 -> 007/DI14+ | O29: X-INTF08 | P29: 8
A30: B10E-PS-KEY-03 | B30: Beamline Enable Key - Rack (Electron Source Enable/Disable) | C30: 24Vdc | D30: {=_xlfn.LET(_xlpm.filepath,CELL("filename",D30),MID(_xlpm.filepath,FIND("]",_xlpm.filepath)+1,3))} -> 007 | E30: 15 | F30: ="S"&E30&"+" -> S15+ | G30: =G28 -> X-DI 32 05 | H30: =H26 -> X-CB 005 01 | I30: =E30&"a" -> 15a | J30: LOCAL CONTROL ROOM | K30: B10E-PS-KEY-03 | L30: Red | M30: 0.5mm² H05Z-K | N30: =D30&"/"&F30 -> 007/S15+ | O30: X-KEY | P30: 1 | Q30: DI1 | R30: 0
F31: ="DI"&E30&"+" -> DI15+ | I31: =E30&"b" -> 15b | L31: Grey | M31: 0.5mm² H05Z-K | N31: =D30&"/"&F31 -> 007/DI15+ | O31: X-KEY | P31: 2
A32: B10E-PS-KEY-02 | B32: Hutch Enable Key (Interlocks Chicane Doors) | C32: 24Vdc | D32: {=_xlfn.LET(_xlpm.filepath,CELL("filename",D32),MID(_xlpm.filepath,FIND("]",_xlpm.filepath)+1,3))} -> 007 | E32: 16 | F32: ="S"&E32&"+" -> S16+ | G32: =G30 -> X-DI 32 05 | H32: =H30 -> X-CB 005 01 | I32: =E32&"a" -> 16a | J32: ZCP | K32: B10E-PS-PKP-01 | L32: Red | M32: 0.5mm² H05Z-K | N32: =D32&"/"&F32 -> 007/S16+ | O32: X-ZCP | P32: 7 | Q32: DI1 | R32: 0
F33: ="DI"&E32&"+" -> DI16+ | I33: =E32&"b" -> 16b | L33: Grey | M33: 0.5mm² H05Z-K | N33: =D32&"/"&F33 -> 007/DI16+ | O33: X-ZCP | P33: 8
A34: B10E-PS-KEY-01 | B34: Beamline Enable Key - ZCP (Electron Source Enable/Disable) | C34: 24Vdc | D34: {=_xlfn.LET(_xlpm.filepath,CELL("filename",D34),MID(_xlpm.filepath,FIND("]",_xlpm.filepath)+1,3))} -> 007 | E34: 17 | F34: ="S"&E34&"+" -> S17+ | G34: =G32 -> X-DI 32 05 | H34: =H30 -> X-CB 005 01 | I34: =E34&"a" -> 17a | J34: ZCP | K34: B10E-PS-PKPE-01 | L34: Red | M34: 0.5mm² H05Z-K | N34: =D34&"/"&F34 -> 007/S17+ | O34: X-ZCP | P34: 3 | Q34: DI1 | R34: 0
F35: ="DI"&E34&"+" -> DI17+ | I35: =E34&"b" -> 17b | L35: Grey | M35: 0.5mm² H05Z-K | N35: =D34&"/"&F35 -> 007/DI17+ | O35: X-ZCP | P35: 4
A36: B10E-PS-SCR-01 | B36: Search Card Reader | C36: 24Vdc | D36: {=_xlfn.LET(_xlpm.filepath,CELL("filename",D36),MID(_xlpm.filepath,FIND("]",_xlpm.filepath)+1,3))} -> 007 | E36: 18 | F36: ="S"&E36&"+" -> S18+ | G36: =G34 -> X-DI 32 05 | H36: =H34 -> X-CB 005 01 | I36: =E36&"a" -> 18a | J36: ZCP | K36: B10E-PS-SCR-01 | L36: Red | M36: 0.5mm² H05Z-K | N36: =D36&"/"&F36 -> 007/S18+ | O36: X-ZCP | P36: 31 | Q36: DI1 | R36: 0
F37: ="DI"&E36&"+" -> DI18+ | I37: =E36&"b" -> 18b | L37: Grey | M37: 0.5mm² H05Z-K | N37: =D36&"/"&F37 -> 007/DI18+ | O37: X-ZCP | P37: 32
A38: B10E-PS-ASBF-01 | B38: Area Search Button Final | C38: 24Vdc | D38: {=_xlfn.LET(_xlpm.filepath,CELL("filename",D38),MID(_xlpm.filepath,FIND("]",_xlpm.filepath)+1,3))} -> 007 | E38: 19 | F38: ="S"&E38&"+" -> S19+ | G38: =G36 -> X-DI 32 05 | H38: =H34 -> X-CB 005 01 | I38: =E38&"a" -> 19a | J38: ZCP | K38: B10E-PS-ASBF-01 | L38: Red | M38: 0.5mm² H05Z-K | N38: =D38&"/"&F38 -> 007/S19+ | O38: X-ZCP | P38: 9 | Q38: DI1 | R38: 0
F39: ="DI"&E38&"+" -> DI19+ | I39: =E38&"b" -> 19b | L39: Grey | M39: 0.5mm² H05Z-K | N39: =D38&"/"&F39 -> 007/DI19+ | O39: X-ZCP | P39: 10
A40: B10E-PS-OR-01 | B40: Open / Reset Pushbutton | C40: 24Vdc | D40: {=_xlfn.LET(_xlpm.filepath,CELL("filename",D40),MID(_xlpm.filepath,FIND("]",_xlpm.filepath)+1,3))} -> 007 | E40: 20 | F40: ="S"&E40&"+" -> S20+ | G40: =G38 -> X-DI 32 05 | H40: =H38 -> X-CB 005 01 | I40: =E40&"a" -> 20a | J40: ZCP | K40: B10E-PS-OR-01 | L40: Red | M40: 0.5mm² H05Z-K | N40: =D40&"/"&F40 -> 007/S20+ | O40: X-ZCP | P40: 13 | Q40: DI1 | R40: 0
F41: ="DI"&E40&"+" -> DI20+ | I41: =E40&"b" -> 20b | L41: Grey | M41: 0.5mm² H05Z-K | N41: =D40&"/"&F41 -> 007/DI20+ | O41: X-ZCP | P41: 14
A42: B10E-PS-BLT-01 | B42: Blue Light Test Switch (3 Position Switch - #1) | C42: 24Vdc | D42: {=_xlfn.LET(_xlpm.filepath,CELL("filename",D42),MID(_xlpm.filepath,FIND("]",_xlpm.filepath)+1,3))} -> 007 | E42: 21 | F42: ="S"&E42&"+" -> S21+ | G42: =G40 -> X-DI 32 05 | H42: =H38 -> X-CB 005 01 | I42: =E42&"a" -> 21a | J42: ZCP | K42: B10E-PS-BLLCT-01 | L42: Red | M42: 0.5mm² H05Z-K | N42: =D42&"/"&F42 -> 007/S21+ | O42: X-ZCP | P42: 21 | Q42: DI1 | R42: 0
F43: ="DI"&E42&"+" -> DI21+ | I43: =E42&"b" -> 21b | L43: Grey | M43: 0.5mm² H05Z-K | N43: =D42&"/"&F43 -> 007/DI21+ | O43: X-ZCP | P43: 22
A44: B10E-PS-LCT-01 | B44: Light Curtain Test Switch (3 Position Switch - #2) | C44: 24Vdc | D44: {=_xlfn.LET(_xlpm.filepath,CELL("filename",D44),MID(_xlpm.filepath,FIND("]",_xlpm.filepath)+1,3))} -> 007 | E44: 22 | F44: ="S"&E44&"+" -> S22+ | G44: =G42 -> X-DI 32 05 | H44: =H42 -> X-CB 005 01 | I44: =E44&"a" -> 22a | J44: ZCP | K44: B10E-PS-BLLCT-01 | L44: Red | M44: 0.5mm² H05Z-K | N44: =D44&"/"&F44 -> 007/S22+ | O44: X-ZCP | P44: 23 | Q44: DI1 | R44: 0
F45: ="DI"&E44&"+" -> DI22+ | I45: =E44&"b" -> 22b | L45: Grey | M45: 0.5mm² H05Z-K | N45: =D44&"/"&F45 -> 007/DI22+ | O45: X-ZCP | P45: 24
A46: B10E-PS-WLON-01 | B46: White Lights Enable Switch (Momentary Pushbutton) | C46: 24Vdc | D46: {=_xlfn.LET(_xlpm.filepath,CELL("filename",D46),MID(_xlpm.filepath,FIND("]",_xlpm.filepath)+1,3))} -> 007 | E46: 23 | F46: ="S"&E46&"+" -> S23+ | G46: =G44 -> X-DI 32 05 | H46: =H42 -> X-CB 005 01 | I46: =E46&"a" -> 23a | J46: ZCP | K46: B10E-PS-WLON-01 | L46: Red | M46: 0.5mm² H05Z-K | N46: =D46&"/"&F46 -> 007/S23+ | O46: X-ZCP | P46: 25 | Q46: DI1 | R46: 0
F47: ="DI"&E46&"+" -> DI23+ | I47: =E46&"b" -> 23b | L47: Grey | M47: 0.5mm² H05Z-K | N47: =D46&"/"&F47 -> 007/DI23+ | O47: X-ZCP | P47: 26
A48: B10E-PS-LCRx-01 | B48: Light Curtain Receiver 01 | C48: 24Vdc | D48: {=_xlfn.LET(_xlpm.filepath,CELL("filename",D48),MID(_xlpm.filepath,FIND("]",_xlpm.filepath)+1,3))} -> 007 | E48: 24 | F48: ="S"&E48&"+" -> S24+ | G48: =G46 -> X-DI 32 05 | H48: =H46 -> X-CB 005 01 | I48: =E48&"a" -> 24a | J48: EXTERNAL (VIA ZCP) | K48: B10E-PS-LCRx-01 | L48: Red | M48: 0.5mm² H05Z-K | N48: =D48&"/"&F48 -> 007/S24+ | O48: X-ZCP | P48: 37 | Q48: DI1 | R48: 0
F49: ="DI"&E48&"+" -> DI24+ | I49: =E48&"b" -> 24b | L49: Grey | M49: 0.5mm² H05Z-K | N49: =D48&"/"&F49 -> 007/DI24+ | O49: X-ZCP | P49: 38
A50: B10E-PS-CON-01:FB | B50: Power Contactor 01 Feedback | C50: 24Vdc | D50: {=_xlfn.LET(_xlpm.filepath,CELL("filename",D50),MID(_xlpm.filepath,FIND("]",_xlpm.filepath)+1,3))} -> 007 | E50: 25 | F50: ="S"&E50&"+" -> S25+ | G50: =G48 -> X-DI 32 05 | H50: =H46 -> X-CB 005 01 | I50: =E50&"a" -> 25a | J50: ELECTRON SOURCE | K50: B10E-PS-CON-01 | L50: Red | M50: 0.5mm² H05Z-K | N50: =D50&"/"&F50 -> 007/S25+ | O50: X-INTF07 | P50: 3 | Q50: DI1 | R50: 0
F51: ="DI"&E50&"+" -> DI25+ | I51: =E50&"b" -> 25b | L51: Grey | M51: 0.5mm² H05Z-K | N51: =D50&"/"&F51 -> 007/DI25+ | O51: X-INTF07 | P51: 4
A52: B10E-PS-CON-02:FB | B52: Power Contactor 02 Feedback | C52: 24Vdc | D52: {=_xlfn.LET(_xlpm.filepath,CELL("filename",D52),MID(_xlpm.filepath,FIND("]",_xlpm.filepath)+1,3))} -> 007 | E52: 26 | F52: ="S"&E52&"+" -> S26+ | G52: =G50 -> X-DI 32 05 | H52: =H50 -> X-CB 005 01 | I52: =E52&"a" -> 26a | J52: ELECTRON SOURCE | K52: B10E-PS-CON-02 | L52: Red | M52: 0.5mm² H05Z-K | N52: =D52&"/"&F52 -> 007/S26+ | O52: X-INTF07 | P52: 7 | Q52: DI1 | R52: 0
F53: ="DI"&E52&"+" -> DI26+ | I53: =E52&"b" -> 26b | L53: Grey | M53: 0.5mm² H05Z-K | N53: =D52&"/"&F53 -> 007/DI26+ | O53: X-INTF07 | P53: 8
A54: B10E-PS-CON-03:FB | B54: Power Contactor 03 Feedback | C54: 24Vdc | D54: {=_xlfn.LET(_xlpm.filepath,CELL("filename",D54),MID(_xlpm.filepath,FIND("]",_xlpm.filepath)+1,3))} -> 007 | E54: 27 | F54: ="S"&E54&"+" -> S27+ | G54: =G52 -> X-DI 32 05 | H54: =H50 -> X-CB 005 01 | I54: =E54&"a" -> 27a | J54: ELECTRON SOURCE | K54: B10E-PS-CON-03 | L54: Red | M54: 0.5mm² H05Z-K | N54: =D54&"/"&F54 -> 007/S27+ | O54: X-INTF07 | P54: 11 | Q54: DI1 | R54: 0
F55: ="DI"&E54&"+" -> DI27+ | I55: =E54&"b" -> 27b | L55: Grey | M55: 0.5mm² H05Z-K | N55: =D54&"/"&F55 -> 007/DI27+ | O55: X-INTF07 | P55: 12
A56: B10E-PS-CON-04:FB | B56: Power Contactor 04 Feedback | C56: 24Vdc | D56: {=_xlfn.LET(_xlpm.filepath,CELL("filename",D56),MID(_xlpm.filepath,FIND("]",_xlpm.filepath)+1,3))} -> 007 | E56: 28 | F56: ="S"&E56&"+" -> S28+ | G56: =G54 -> X-DI 32 05 | H56: =H54 -> X-CB 005 01 | I56: =E56&"a" -> 28a | J56: ELECTRON SOURCE | K56: B10E-PS-CON-04 | L56: Red | M56: 0.5mm² H05Z-K | N56: =D56&"/"&F56 -> 007/S28+ | O56: X-INTF07 | P56: 15 | Q56: DI1 | R56: 0
F57: ="DI"&E56&"+" -> DI28+ | I57: =E56&"b" -> 28b | L57: Grey | M57: 0.5mm² H05Z-K | N57: =D56&"/"&F57 -> 007/DI28+ | O57: X-INTF07 | P57: 16
A58: B10E-PS-CON-05:FB | B58: Power Contactor 05 Feedback | C58: 24Vdc | D58: {=_xlfn.LET(_xlpm.filepath,CELL("filename",D58),MID(_xlpm.filepath,FIND("]",_xlpm.filepath)+1,3))} -> 007 | E58: 29 | F58: ="S"&E58&"+" -> S29+ | G58: =G56 -> X-DI 32 05 | H58: =H54 -> X-CB 005 01 | I58: =E58&"a" -> 29a | J58: ELECTRON SOURCE | K58: B10E-PS-CON-05 | L58: Red | M58: 0.5mm² H05Z-K | N58: =D58&"/"&F58 -> 007/S29+ | O58: X-INTF07 | P58: 19 | Q58: DI1 | R58: 0
F59: ="DI"&E58&"+" -> DI29+ | I59: =E58&"b" -> 29b | L59: Grey | M59: 0.5mm² H05Z-K | N59: =D58&"/"&F59 -> 007/DI29+ | O59: X-INTF07 | P59: 20
A60: B10E-PS-GADC-03 | B60: General Access Door Closed Position Switch 3 (N/O when Door Open) | C60: 24Vdc | D60: {=_xlfn.LET(_xlpm.filepath,CELL("filename",D60),MID(_xlpm.filepath,FIND("]",_xlpm.filepath)+1,3))} -> 007 | E60: 30 | F60: ="S"&E60&"+" -> S30+ | G60: =G58 -> X-DI 32 05 | H60: =H58 -> X-CB 005 01 | I60: =E60&"a" -> 30a | J60: HUTCH | K60: B10E-PS-DS-03 | L60: Red | M60: 0.5mm² H05Z-K | N60: =D60&"/"&F60 -> 007/S30+ | O60: X-DS03 | P60: 1 | Q60: DI1 | R60: 0
F61: ="DI"&E60&"+" -> DI30+ | I61: =E60&"b" -> 30b | L61: Grey | M61: 0.5mm² H05Z-K | N61: =D60&"/"&F61 -> 007/DI30+ | O61: X-DS03 | P61: 2
A62: B10E-PS-GADC-06 | B62: General Access Gate Closed Position Switch 3 (N/O when Gate Open) | C62: 24Vdc | D62: {=_xlfn.LET(_xlpm.filepath,CELL("filename",D62),MID(_xlpm.filepath,FIND("]",_xlpm.filepath)+1,3))} -> 007 | E62: 31 | F62: ="S"&E62&"+" -> S31+ | G62: =G60 -> X-DI 32 05 | H62: =H58 -> X-CB 005 01 | I62: =E62&"a" -> 31a | J62: EXTERNAL | K62: B10E-PS-DS-06 | L62: Red | M62: 0.5mm² H05Z-K | N62: =D62&"/"&F62 -> 007/S31+ | O62: X-DS06 | P62: 1 | Q62: DI1 | R62: 0
F63: ="DI"&E62&"+" -> DI31+ | I63: =E62&"b" -> 31b | L63: Grey | M63: 0.5mm² H05Z-K | N63: =D62&"/"&F63 -> 007/DI31+ | O63: X-DS06 | P63: 2
A64: B10E-PS-SADC-03 | B64: Service Access Door Closed Position Switch 3 (N/O when Door Open) | C64: 24Vdc | D64: {=_xlfn.LET(_xlpm.filepath,CELL("filename",D64),MID(_xlpm.filepath,FIND("]",_xlpm.filepath)+1,3))} -> 007 | E64: 32 | F64: ="S"&E64&"+" -> S32+ | G64: =G62 -> X-DI 32 05 | H64: =H62 -> X-CB 005 01 | I64: =E64&"a" -> 32a | J64: HUTCH | K64: B10E-PS-DS-09 | L64: Red | M64: 0.5mm² H05Z-K | N64: =D64&"/"&F64 -> 007/S32+ | O64: X-DS09 | P64: 1 | Q64: DI1 | R64: 0
F65: ="DI"&E64&"+" -> DI32+ | I65: =E64&"b" -> 32b | L65: Grey | M65: 0.5mm² H05Z-K | N65: =D64&"/"&F65 -> 007/DI32+ | O65: X-DS09 | P65: 2

Sheet 008_DI
A1: TAG | B1: DESCRIPTION | C1: SIGNAL TYPE | D1: CHASSIS &SLOT No | E1: Channel. No. | F1: Signal | G1: MODULE | H1: CONNECTION BOARD | I1: CB TERM. | J1: DEVICE LOCATION | K1: DEVICE TAG | L1: WIRE COLOUR | M1: WIRE TYPE | N1: WIRE NUMBER | O1: TERMINAL BLOCK | P1: TERM. No. | Q1: Loop Type | R1: REV.
A2: B10E-PS-GADC-01 | B2: General Access Door Closed Position Switch 1 (N/O when Door Open) | C2: 24Vdc | D2: {=_xlfn.LET(_xlpm.filepath,CELL("filename",D2),MID(_xlpm.filepath,FIND("]",_xlpm.filepath)+1,3))} -> 008 | E2: 1 | F2: ="S"&E2&"+" -> S1+ | G2: X-DI 32 05 | H2: X-CB 005 01 | I2: =E2&"a" -> 1a | J2: EXTERNAL | K2: B10E-PS-DS-01 | L2: Red | M2: 0.5mm² H05Z-K | N2: =D2&"/"&F2 -> 008/S1+ | O2: X-DS01 | P2: 3 | Q2: DI1 | R2: 0
F3: ="DI"&E2&"+" -> DI1+ | I3: =E2&"b" -> 1b | L3: Grey | M3: 0.5mm² H05Z-K | N3: =D2&"/"&F3 -> 008/DI1+ | O3: X-DS01 | P3: 4
A4: B10E-PS-GADL-01 | B4: General Access Door Locked Position Switch 1 | C4: 24Vdc | D4: {=_xlfn.LET(_xlpm.filepath,CELL("filename",D4),MID(_xlpm.filepath,FIND("]",_xlpm.filepath)+1,3))} -> 008 | E4: 2 | F4: ="S"&E4&"+" -> S2+ | G4: =G2 -> X-DI 32 05 | H4: =H2 -> X-CB 005 01 | I4: =E4&"a" -> 2a | J4: EXTERNAL | K4: B10E-PS-DS-01 | L4: Red | M4: 0.5mm² H05Z-K | N4: =D4&"/"&F4 -> 008/S2+ | O4: X-DS01 | P4: 5 | Q4: DI1 | R4: 0
F5: ="DI"&E4&"+" -> DI2+ | I5: =E4&"b" -> 2b | L5: Grey | M5: 0.5mm² H05Z-K | N5: =D4&"/"&F5 -> 008/DI2+ | O5: X-DS01 | P5: 6
A6: SPDI-008/3 | B6: Wired Spare Input (Reserved) | C6: 24Vdc | D6: {=_xlfn.LET(_xlpm.filepath,CELL("filename",D6),MID(_xlpm.filepath,FIND("]",_xlpm.filepath)+1,3))} -> 008 | E6: 3 | F6: ="S"&E6&"+" -> S3+ | G6: =G4 -> X-DI 32 05 | H6: =H2 -> X-CB 005 01 | I6: =E6&"a" -> 3a | J6: HUTCH | K6: B10E-PS-DS-03 | L6: Red | M6: 0.5mm² H05Z-K | N6: =D6&"/"&F6 -> 008/S3+ | O6: X-DS03 | P6: 3 | Q6: DI1 | R6: 0
F7: ="DI"&E6&"+" -> DI3+ | I7: =E6&"b" -> 3b | L7: Grey | M7: 0.5mm² H05Z-K | N7: =D6&"/"&F7 -> 008/DI3+ | O7: X-DS03 | P7: 4
A8: B10E-PS-GADC-04 | B8: General Access Gate Closed Position Switch 1 (N/O when Gate Open) | C8: 24Vdc | D8: {=_xlfn.LET(_xlpm.filepath,CELL("filename",D8),MID(_xlpm.filepath,FIND("]",_xlpm.filepath)+1,3))} -> 008 | E8: 4 | F8: ="S"&E8&"+" -> S4+ | G8: =G6 -> X-DI 32 05 | H8: =H6 -> X-CB 005 01 | I8: =E8&"a" -> 4a | J8: EXTERNAL | K8: B10E-PS-DS-04 | L8: Red | M8: 0.5mm² H05Z-K | N8: =D8&"/"&F8 -> 008/S4+ | O8: X-DS04 | P8: 3 | Q8: DI1 | R8: 0
F9: ="DI"&E8&"+" -> DI4+ | I9: =E8&"b" -> 4b | L9: Grey | M9: 0.5mm² H05Z-K | N9: =D8&"/"&F9 -> 008/DI4+ | O9: X-DS04 | P9: 4
A10: B10E-PS-GADL-04 | B10: General Access Gate Locked Position Switch 1 | C10: 24Vdc | D10: {=_xlfn.LET(_xlpm.filepath,CELL("filename",D10),MID(_xlpm.filepath,FIND("]",_xlpm.filepath)+1,3))} -> 008 | E10: 5 | F10: ="S"&E10&"+" -> S5+ | G10: =G8 -> X-DI 32 05 | H10: =H6 -> X-CB 005 01 | I10: =E10&"a" -> 5a | J10: EXTERNAL | K10: B10E-PS-DS-04 | L10: Red | M10: 0.5mm² H05Z-K | N10: =D10&"/"&F10 -> 008/S5+ | O10: X-DS04 | P10: 5 | Q10: DI1 | R10: 0
F11: ="DI"&E10&"+" -> DI5+ | I11: =E10&"b" -> 5b | L11: Grey | M11: 0.5mm² H05Z-K | N11: =D10&"/"&F11 -> 008/DI5+ | O11: X-DS04 | P11: 6
A12: SPDI-008/6 | B12: Wired Spare Input (Reserved) | C12: 24Vdc | D12: {=_xlfn.LET(_xlpm.filepath,CELL("filename",D12),MID(_xlpm.filepath,FIND("]",_xlpm.filepath)+1,3))} -> 008 | E12: 6 | F12: ="S"&E12&"+" -> S6+ | G12: =G10 -> X-DI 32 05 | H12: =H10 -> X-CB 005 01 | I12: =E12&"a" -> 6a | J12: EXTERNAL | K12: B10E-PS-DS-06 | L12: Red | M12: 0.5mm² H05Z-K | N12: =D12&"/"&F12 -> 008/S6+ | O12: X-DS06 | P12: 3 | Q12: DI2 | R12: 0/1
F13: ="DI"&E12&"+" -> DI6+ | I13: =E12&"b" -> 6b | L13: Grey | M13: 0.5mm² H05Z-K | N13: =D12&"/"&F13 -> 008/DI6+ | O13: X-DS06 | P13: 4
A14: B10E-PS-SADC-01 | B14: Service Access Door Closed Position Switch 1 (N/O when Door Open) | C14: 24Vdc | D14: {=_xlfn.LET(_xlpm.filepath,CELL("filename",D14),MID(_xlpm.filepath,FIND("]",_xlpm.filepath)+1,3))} -> 008 | E14: 7 | F14: ="S"&E14&"+" -> S7+ | G14: =G12 -> X-DI 32 05 | H14: =H10 -> X-CB 005 01 | I14: =E14&"a" -> 7a | J14: EXTERNAL | K14: B10E-PS-DS-07 | L14: Red | M14: 0.5mm² H05Z-K | N14: =D14&"/"&F14 -> 008/S7+ | O14: X-DS07 | P14: 3 | Q14: DI1 | R14: 0
F15: ="DI"&E14&"+" -> DI7+ | I15: =E14&"b" -> 7b | L15: Grey | M15: 0.5mm² H05Z-K | N15: =D14&"/"&F15 -> 008/DI7+ | O15: X-DS07 | P15: 4
A16: B10E-PS-SADL-01 | B16: Service Access Door Locked Position Switch 1 | C16: 24Vdc | D16: {=_xlfn.LET(_xlpm.filepath,CELL("filename",D16),MID(_xlpm.filepath,FIND("]",_xlpm.filepath)+1,3))} -> 008 | E16: 8 | F16: ="S"&E16&"+" -> S8+ | G16: =G14 -> X-DI 32 05 | H16: =H14 -> X-CB 005 01 | I16: =E16&"a" -> 8a | J16: EXTERNAL | K16: B10E-PS-DS-07 | L16: Red | M16: 0.5mm² H05Z-K | N16: =D16&"/"&F16 -> 008/S8+ | O16: X-DS07 | P16: 5 | Q16: DI1 | R16: 0
F17: ="DI"&E16&"+" -> DI8+ | I17: =E16&"b" -> 8b | L17: Grey | M17: 0.5mm² H05Z-K | N17: =D16&"/"&F17 -> 008/DI8+ | O17: X-DS07 | P17: 6
A18: SPDI-008/9 | B18: Wired Spare Input (Reserved) | C18: 24Vdc | D18: {=_xlfn.LET(_xlpm.filepath,CELL("filename",D18),MID(_xlpm.filepath,FIND("]",_xlpm.filepath)+1,3))} -> 008 | E18: 9 | F18: ="S"&E18&"+" -> S9+ | G18: =G16 -> X-DI 32 05 | H18: =H14 -> X-CB 005 01 | I18: =E18&"a" -> 9a | J18: HUTCH | K18: B10E-PS-DS-09 | L18: Red | M18: 0.5mm² H05Z-K | N18: =D18&"/"&F18 -> 008/S9+ | O18: X-DS09 | P18: 3 | Q18: DI2 | R18: 0/1
F19: ="DI"&E18&"+" -> DI9+ | I19: =E18&"b" -> 9b | L19: Grey | M19: 0.5mm² H05Z-K | N19: =D18&"/"&F19 -> 008/DI9+ | O19: X-DS09 | P19: 4
A20: B10E-PS-SADC-04 | B20: Service Access Door Closed Position Switch 4 (N/O when Door Open) | C20: 24Vdc | D20: {=_xlfn.LET(_xlpm.filepath,CELL("filename",D20),MID(_xlpm.filepath,FIND("]",_xlpm.filepath)+1,3))} -> 008 | E20: 10 | F20: ="S"&E20&"+" -> S10+ | G20: =G18 -> X-DI 32 05 | H20: =H18 -> X-CB 005 01 | I20: =E20&"a" -> 10a | J20: HUTCH | K20: B10E-PS-DS-10 | L20: Red | M20: 0.5mm² H05Z-K | N20: =D20&"/"&F20 -> 008/S10+ | O20: X-DS10 | P20: 1 | Q20: DI1 | R20: 0
F21: ="DI"&E20&"+" -> DI10+ | I21: =E20&"b" -> 10b | L21: Grey | M21: 0.5mm² H05Z-K | N21: =D20&"/"&F21 -> 008/DI10+ | O21: X-DS10 | P21: 2
A22: SPDI-008/11 | B22: Wired Spare Input (RESERVED) | C22: 24Vdc | D22: {=_xlfn.LET(_xlpm.filepath,CELL("filename",D22),MID(_xlpm.filepath,FIND("]",_xlpm.filepath)+1,3))} -> 008 | E22: 11 | F22: ="S"&E22&"+" -> S11+ | G22: =G20 -> X-DI 32 05 | H22: =H18 -> X-CB 005 01 | I22: =E22&"a" -> 11a | K22: B10E-PS-DS-10 | L22: Red | M22: 0.5mm² H05Z-K | N22: =D22&"/"&F22 -> 008/S11+ | O22: X-DS10 | P22: 3 | Q22: DI2 | R22: 0/1
F23: ="DI"&E22&"+" -> DI11+ | I23: =E22&"b" -> 11b | L23: Grey | M23: 0.5mm² H05Z-K | N23: =D22&"/"&F23 -> 008/DI11+ | O23: X-DS10 | P23: 4
A24: B10E-PS-KEY-04 | B24: Software Download/Program Enable Keyswitch | C24: 24Vdc | D24: {=_xlfn.LET(_xlpm.filepath,CELL("filename",D24),MID(_xlpm.filepath,FIND("]",_xlpm.filepath)+1,3))} -> 008 | E24: 12 | F24: ="S"&E24&"+" -> S12+ | G24: =G22 -> X-DI 32 05 | H24: =H22 -> X-CB 005 01 | I24: =E24&"a" -> 12a | J24: LOGIC SOLVER | K24: B10E-PS-KEY-04 | L24: Red | M24: 0.5mm² H05Z-K | N24: =D24&"/"&F24 -> 008/S12+ | O24: KS-1 | P24: 13 | Q24: DI2 | R24: 0/1 | T24: Changed
F25: ="DI"&E24&"+" -> DI12+ | I25: =E24&"b" -> 12b | L25: Grey | M25: 0.5mm² H05Z-K | N25: =D24&"/"&F25 -> 008/DI12+ | O25: KS-1 | P25: 23
A26: B10E-PS-BOB-01:A | B26: Beam Off Button 01 | C26: 24Vdc | D26: {=_xlfn.LET(_xlpm.filepath,CELL("filename",D26),MID(_xlpm.filepath,FIND("]",_xlpm.filepath)+1,3))} -> 008 | E26: 13 | F26: ="S"&E26&"+" -> S13+ | G26: =G24 -> X-DI 32 05 | H26: =H22 -> X-CB 005 01 | I26: =E26&"a" -> 13a | J26: ZCP | K26: B10E-PS-BOB-01 | L26: Red | M26: 0.5mm² H05Z-K | N26: =D26&"/"&F26 -> 008/S13+ | O26: X-ZCP | P26: 17 | Q26: DI1 | R26: 0
B27: 5 | F27: ="DI"&E26&"+" -> DI13+ | I27: =E26&"b" -> 13b | L27: Grey | M27: 0.5mm² H05Z-K | N27: =D26&"/"&F27 -> 008/DI13+ | O27: X-ZCP | P27: 18
A28: B10E-PS-BOB-02:A | B28: Beam Off Button 02 | C28: 24Vdc | D28: {=_xlfn.LET(_xlpm.filepath,CELL("filename",D28),MID(_xlpm.filepath,FIND("]",_xlpm.filepath)+1,3))} -> 008 | E28: 14 | F28: ="S"&E28&"+" -> S14+ | G28: =G26 -> X-DI 32 05 | H28: =H26 -> X-CB 005 01 | I28: =E28&"a" -> 14a | J28: HUTCH | K28: B10E-PS-BOB-02 | L28: Red | M28: 0.5mm² H05Z-K | N28: =D28&"/"&F28 -> 008/S14+ | O28: X-BOB | P28: 1 | Q28: DI1 | R28: 0
F29: ="DI"&E28&"+" -> DI14+ | I29: =E28&"b" -> 14b | L29: Grey | M29: 0.5mm² H05Z-K | N29: =D28&"/"&F29 -> 008/DI14+ | O29: X-BOB | P29: 2
A30: B10E-PS-BOB-03:A | B30: Beam Off Button 03 | C30: 24Vdc | D30: {=_xlfn.LET(_xlpm.filepath,CELL("filename",D30),MID(_xlpm.filepath,FIND("]",_xlpm.filepath)+1,3))} -> 008 | E30: 15 | F30: ="S"&E30&"+" -> S15+ | G30: =G28 -> X-DI 32 05 | H30: =H26 -> X-CB 005 01 | I30: =E30&"a" -> 15a | J30: HUTCH | K30: B10E-PS-BOB-03 | L30: Red | M30: 0.5mm² H05Z-K | N30: =D30&"/"&F30 -> 008/S15+ | O30: X-BOB | P30: 5 | Q30: DI1 | R30: 0
F31: ="DI"&E30&"+" -> DI15+ | I31: =E30&"b" -> 15b | L31: Grey | M31: 0.5mm² H05Z-K | N31: =D30&"/"&F31 -> 008/DI15+ | O31: X-BOB | P31: 6
A32: B10E-PS-BOB-04:A | B32: Beam Off Button 04 | C32: 24Vdc | D32: {=_xlfn.LET(_xlpm.filepath,CELL("filename",D32),MID(_xlpm.filepath,FIND("]",_xlpm.filepath)+1,3))} -> 008 | E32: 16 | F32: ="S"&E32&"+" -> S16+ | G32: =G30 -> X-DI 32 05 | H32: =H30 -> X-CB 005 01 | I32: =E32&"a" -> 16a | J32: HUTCH | K32: B10E-PS-BOB-04 | L32: Red | M32: 0.5mm² H05Z-K | N32: =D32&"/"&F32 -> 008/S16+ | O32: X-BOB | P32: 9 | Q32: DI1 | R32: 0
F33: ="DI"&E32&"+" -> DI16+ | I33: =E32&"b" -> 16b | L33: Grey | M33: 0.5mm² H05Z-K | N33: =D32&"/"&F33 -> 008/DI16+ | O33: X-BOB | P33: 10
A34: B10E-PS-BOB-05:A | B34: Beam Off Button 05 | C34: 24Vdc | D34: {=_xlfn.LET(_xlpm.filepath,CELL("filename",D34),MID(_xlpm.filepath,FIND("]",_xlpm.filepath)+1,3))} -> 008 | E34: 17 | F34: ="S"&E34&"+" -> S17+ | G34: =G32 -> X-DI 32 05 | H34: =H30 -> X-CB 005 01 | I34: =E34&"a" -> 17a | J34: HUTCH | K34: B10E-PS-BOB-05 | L34: Red | M34: 0.5mm² H05Z-K | N34: =D34&"/"&F34 -> 008/S17+ | O34: X-BOB | P34: 13 | Q34: DI1 | R34: 0
F35: ="DI"&E34&"+" -> DI17+ | I35: =E34&"b" -> 17b | L35: Grey | M35: 0.5mm² H05Z-K | N35: =D34&"/"&F35 -> 008/DI17+ | O35: X-BOB | P35: 14
A36: B10E-PS-BOB-06:A | B36: Beam Off Button 06 | C36: 24Vdc | D36: {=_xlfn.LET(_xlpm.filepath,CELL("filename",D36),MID(_xlpm.filepath,FIND("]",_xlpm.filepath)+1,3))} -> 008 | E36: 18 | F36: ="S"&E36&"+" -> S18+ | G36: =G34 -> X-DI 32 05 | H36: =H34 -> X-CB 005 01 | I36: =E36&"a" -> 18a | J36: HUTCH | K36: B10E-PS-BOB-06 | L36: Red | M36: 0.5mm² H05Z-K | N36: =D36&"/"&F36 -> 008/S18+ | O36: X-BOB | P36: 17 | Q36: DI1 | R36: 0
F37: ="DI"&E36&"+" -> DI18+ | I37: =E36&"b" -> 18b | L37: Grey | M37: 0.5mm² H05Z-K | N37: =D36&"/"&F37 -> 008/DI18+ | O37: X-BOB | P37: 18
A38: B10E-PS-BOB-07:A | B38: Beam Off Button 07 | C38: 24Vdc | D38: {=_xlfn.LET(_xlpm.filepath,CELL("filename",D38),MID(_xlpm.filepath,FIND("]",_xlpm.filepath)+1,3))} -> 008 | E38: 19 | F38: ="S"&E38&"+" -> S19+ | G38: =G36 -> X-DI 32 05 | H38: =H34 -> X-CB 005 01 | I38: =E38&"a" -> 19a | J38: HUTCH | K38: B10E-PS-BOB-07 | L38: Red | M38: 0.5mm² H05Z-K | N38: =D38&"/"&F38 -> 008/S19+ | O38: X-BOB | P38: 21 | Q38: DI1 | R38: 0
F39: ="DI"&E38&"+" -> DI19+ | I39: =E38&"b" -> 19b | L39: Grey | M39: 0.5mm² H05Z-K | N39: =D38&"/"&F39 -> 008/DI19+ | O39: X-BOB | P39: 22
A40: B10E-PS-BOB-08:A | B40: Beam Off Button 08 | C40: 24Vdc | D40: {=_xlfn.LET(_xlpm.filepath,CELL("filename",D40),MID(_xlpm.filepath,FIND("]",_xlpm.filepath)+1,3))} -> 008 | E40: 20 | F40: ="S"&E40&"+" -> S20+ | G40: =G38 -> X-DI 32 05 | H40: =H38 -> X-CB 005 01 | I40: =E40&"a" -> 20a | J40: HUTCH | K40: B10E-PS-BOB-08 | L40: Red | M40: 0.5mm² H05Z-K | N40: =D40&"/"&F40 -> 008/S20+ | O40: X-BOB | P40: 25 | Q40: DI1 | R40: 0
F41: ="DI"&E40&"+" -> DI20+ | I41: =E40&"b" -> 20b | L41: Grey | M41: 0.5mm² H05Z-K | N41: =D40&"/"&F41 -> 008/DI20+ | O41: X-BOB | P41: 26
A42: SPDI-008/21 | B42: Wired Spare Input | C42: 24Vdc | D42: {=_xlfn.LET(_xlpm.filepath,CELL("filename",D42),MID(_xlpm.filepath,FIND("]",_xlpm.filepath)+1,3))} -> 008 | E42: 21 | F42: ="S"&E42&"+" -> S21+ | G42: =G40 -> X-DI 32 05 | H42: =H38 -> X-CB 005 01 | I42: =E42&"a" -> 21a | L42: Red | M42: 0.5mm² H05Z-K | N42: =D42&"/"&F42 -> 008/S21+ | O42: X-SPDI | P42: 1 | Q42: DI2 | R42: 0/1 | T42: Change term
F43: ="DI"&E42&"+" -> DI21+ | I43: =E42&"b" -> 21b | L43: Grey | M43: 0.5mm² H05Z-K | N43: =D42&"/"&F43 -> 008/DI21+ | O43: X-SPDI | P43: 2
A44: SPDI-008/22 | B44: Wired Spare Input | C44: 24Vdc | D44: {=_xlfn.LET(_xlpm.filepath,CELL("filename",D44),MID(_xlpm.filepath,FIND("]",_xlpm.filepath)+1,3))} -> 008 | E44: 22 | F44: ="S"&E44&"+" -> S22+ | G44: =G42 -> X-DI 32 05 | H44: =H42 -> X-CB 005 01 | I44: =E44&"a" -> 22a | L44: Red | M44: 0.5mm² H05Z-K | N44: =D44&"/"&F44 -> 008/S22+ | O44: X-SPDI | P44: 3 | Q44: DI2 | R44: 0/1 | T44: Change term
F45: ="DI"&E44&"+" -> DI22+ | I45: =E44&"b" -> 22b | L45: Grey | M45: 0.5mm² H05Z-K | N45: =D44&"/"&F45 -> 008/DI22+ | O45: X-SPDI | P45: 4
A46: B10E-PS-ASB-01 | B46: Area Search Button 01 | C46: 24Vdc | D46: {=_xlfn.LET(_xlpm.filepath,CELL("filename",D46),MID(_xlpm.filepath,FIND("]",_xlpm.filepath)+1,3))} -> 008 | E46: 23 | F46: ="S"&E46&"+" -> S23+ | G46: =G44 -> X-DI 32 05 | H46: =H42 -> X-CB 005 01 | I46: =E46&"a" -> 23a | J46: HUTCH | K46: B10E-PS-ASB-01 | L46: Red | M46: 0.5mm² H05Z-K | N46: =D46&"/"&F46 -> 008/S23+ | O46: X-ASB | P46: 1 | Q46: DI1 | R46: 0
F47: ="DI"&E46&"+" -> DI23+ | I47: =E46&"b" -> 23b | L47: Grey | M47: 0.5mm² H05Z-K | N47: =D46&"/"&F47 -> 008/DI23+ | O47: X-ASB | P47: 2
A48: B10E-PS-ASB-02 | B48: Area Search Button 02 | C48: 24Vdc | D48: {=_xlfn.LET(_xlpm.filepath,CELL("filename",D48),MID(_xlpm.filepath,FIND("]",_xlpm.filepath)+1,3))} -> 008 | E48: 24 | F48: ="S"&E48&"+" -> S24+ | G48: =G46 -> X-DI 32 05 | H48: =H46 -> X-CB 005 01 | I48: =E48&"a" -> 24a | J48: HUTCH | K48: B10E-PS-ASB-02 | L48: Red | M48: 0.5mm² H05Z-K | N48: =D48&"/"&F48 -> 008/S24+ | O48: X-ASB | P48: 5 | Q48: DI1 | R48: 0
F49: ="DI"&E48&"+" -> DI24+ | I49: =E48&"b" -> 24b | L49: Grey | M49: 0.5mm² H05Z-K | N49: =D48&"/"&F49 -> 008/DI24+ | O49: X-ASB | P49: 6
A50: B10E-PS-ASB-03 | B50: Area Search Button 03 | C50: 24Vdc | D50: {=_xlfn.LET(_xlpm.filepath,CELL("filename",D50),MID(_xlpm.filepath,FIND("]",_xlpm.filepath)+1,3))} -> 008 | E50: 25 | F50: ="S"&E50&"+" -> S25+ | G50: =G48 -> X-DI 32 05 | H50: =H46 -> X-CB 005 01 | I50: =E50&"a" -> 25a | J50: HUTCH | K50: B10E-PS-ASB-03 | L50: Red | M50: 0.5mm² H05Z-K | N50: =D50&"/"&F50 -> 008/S25+ | O50: X-ASB | P50: 9 | Q50: DI1 | R50: 0
F51: ="DI"&E50&"+" -> DI25+ | I51: =E50&"b" -> 25b | L51: Grey | M51: 0.5mm² H05Z-K | N51: =D50&"/"&F51 -> 008/DI25+ | O51: X-ASB | P51: 10
A52: B10E-PS-ASB-04 | B52: Area Search Button 04 | C52: 24Vdc | D52: {=_xlfn.LET(_xlpm.filepath,CELL("filename",D52),MID(_xlpm.filepath,FIND("]",_xlpm.filepath)+1,3))} -> 008 | E52: 26 | F52: ="S"&E52&"+" -> S26+ | G52: =G50 -> X-DI 32 05 | H52: =H50 -> X-CB 005 01 | I52: =E52&"a" -> 26a | J52: HUTCH | K52: B10E-PS-ASB-04 | L52: Red | M52: 0.5mm² H05Z-K | N52: =D52&"/"&F52 -> 008/S26+ | O52: X-ASB | P52: 13 | Q52: DI1 | R52: 0
F53: ="DI"&E52&"+" -> DI26+ | I53: =E52&"b" -> 26b | L53: Grey | M53: 0.5mm² H05Z-K | N53: =D52&"/"&F53 -> 008/DI26+ | O53: X-ASB | P53: 14
A54: B10E-PS-UPS-01 | B54: UPS Feedback 01 | C54: 24Vdc | D54: {=_xlfn.LET(_xlpm.filepath,CELL("filename",D54),MID(_xlpm.filepath,FIND("]",_xlpm.filepath)+1,3))} -> 008 | E54: 27 | F54: ="S"&E54&"+" -> S27+ | G54: =G52 -> X-DI 32 05 | H54: =H50 -> X-CB 005 01 | I54: =E54&"a" -> 27a | L54: Red | M54: 0.5mm² H05Z-K | N54: =D54&"/"&F54 -> 008/S27+ | O54: X-UPS | P54: 1 | Q54: DI1 | R54: 0/1 | S54: Added
F55: ="DI"&E54&"+" -> DI27+ | I55: =E54&"b" -> 27b | L55: Grey | M55: 0.5mm² H05Z-K | N55: =D54&"/"&F55 -> 008/DI27+ | O55: X-UPS | P55: 2
A56: B10E-PS-UPS-02 | B56: UPS Feedback 02 | C56: 24Vdc | D56: {=_xlfn.LET(_xlpm.filepath,CELL("filename",D56),MID(_xlpm.filepath,FIND("]",_xlpm.filepath)+1,3))} -> 008 | E56: 28 | F56: ="S"&E56&"+" -> S28+ | G56: =G54 -> X-DI 32 05 | H56: =H54 -> X-CB 005 01 | I56: =E56&"a" -> 28a | L56: Red | M56: 0.5mm² H05Z-K | N56: =D56&"/"&F56 -> 008/S28+ | O56: X-UPS | P56: 3 | Q56: DI1 | R56: 0/1 | S56: Added
F57: ="DI"&E56&"+" -> DI28+ | I57: =E56&"b" -> 28b | L57: Grey | M57: 0.5mm² H05Z-K | N57: =D56&"/"&F57 -> 008/DI28+ | O57: X-UPS | P57: 4
A58: SPDI-008/29 | B58: Wired Spare Input | C58: 24Vdc | D58: {=_xlfn.LET(_xlpm.filepath,CELL("filename",D58),MID(_xlpm.filepath,FIND("]",_xlpm.filepath)+1,3))} -> 008 | E58: 29 | F58: ="S"&E58&"+" -> S29+ | G58: =G56 -> X-DI 32 05 | H58: =H54 -> X-CB 005 01 | I58: =E58&"a" -> 29a | L58: Red | M58: 0.5mm² H05Z-K | N58: =D58&"/"&F58 -> 008/S29+ | O58: X-SPDI | P58: 5 | Q58: DI2 | R58: 0/1 | T58: Change term
F59: ="DI"&E58&"+" -> DI29+ | I59: =E58&"b" -> 29b | L59: Grey | M59: 0.5mm² H05Z-K | N59: =D58&"/"&F59 -> 008/DI29+ | O59: X-SPDI | P59: 6
A60: SPDI-008/30 | B60: Wired Spare Input | C60: 24Vdc | D60: {=_xlfn.LET(_xlpm.filepath,CELL("filename",D60),MID(_xlpm.filepath,FIND("]",_xlpm.filepath)+1,3))} -> 008 | E60: 30 | F60: ="S"&E60&"+" -> S30+ | G60: =G58 -> X-DI 32 05 | H60: =H58 -> X-CB 005 01 | I60: =E60&"a" -> 30a | L60: Red | M60: 0.5mm² H05Z-K | N60: =D60&"/"&F60 -> 008/S30+ | O60: X-SPDI | P60: 7 | Q60: DI2 | R60: 0/1 | T60: Change term
F61: ="DI"&E60&"+" -> DI30+ | I61: =E60&"b" -> 30b | L61: Grey | M61: 0.5mm² H05Z-K | N61: =D60&"/"&F61 -> 008/DI30+ | O61: X-SPDI | P61: 8
A62: SPDI-008/31 | B62: Wired Spare Input | C62: 24Vdc | D62: {=_xlfn.LET(_xlpm.filepath,CELL("filename",D62),MID(_xlpm.filepath,FIND("]",_xlpm.filepath)+1,3))} -> 008 | E62: 31 | F62: ="S"&E62&"+" -> S31+ | G62: =G60 -> X-DI 32 05 | H62: =H58 -> X-CB 005 01 | I62: =E62&"a" -> 31a | L62: Red | M62: 0.5mm² H05Z-K | N62: =D62&"/"&F62 -> 008/S31+ | O62: X-SPDI | P62: 9 | Q62: DI2 | R62: 0/1 | T62: Change term
F63: ="DI"&E62&"+" -> DI31+ | I63: =E62&"b" -> 31b | L63: Grey | M63: 0.5mm² H05Z-K | N63: =D62&"/"&F63 -> 008/DI31+ | O63: X-SPDI | P63: 10
A64: SPDI-008/32 | B64: Wired Spare Input | C64: 24Vdc | D64: {=_xlfn.LET(_xlpm.filepath,CELL("filename",D64),MID(_xlpm.filepath,FIND("]",_xlpm.filepath)+1,3))} -> 008 | E64: 32 | F64: ="S"&E64&"+" -> S32+ | G64: =G62 -> X-DI 32 05 | H64: =H62 -> X-CB 005 01 | I64: =E64&"a" -> 32a | L64: Red | M64: 0.5mm² H05Z-K | N64: =D64&"/"&F64 -> 008/S32+ | O64: X-SPDI | P64: 11 | Q64: DI2 | R64: 0/1 | T64: Change term
F65: ="DI"&E64&"+" -> DI32+ | I65: =E64&"b" -> 32b | L65: Grey | M65: 0.5mm² H05Z-K | N65: =D64&"/"&F65 -> 008/DI32+ | O65: X-SPDI | P65: 12

Sheet 009_DI
A1: TAG | B1: DESCRIPTION | C1: SIGNAL TYPE | D1: CHASSIS &SLOT No | E1: Channel. No. | F1: Signal | G1: MODULE | H1: CONNECTION BOARD | I1: CB TERM. | J1: DEVICE LOCATION | K1: DEVICE TAG | L1: WIRE COLOUR | M1: WIRE TYPE | N1: WIRE NUMBER | O1: TERMINAL BLOCK | P1: TERM. No. | Q1: Loop Type | R1: REV.
A2: B10E-PS-GADC-02 | B2: General Access Door Closed Position Switch 2 (N/O when Door Open) | C2: 24Vdc | D2: {=_xlfn.LET(_xlpm.filepath,CELL("filename",D2),MID(_xlpm.filepath,FIND("]",_xlpm.filepath)+1,3))} -> 009 | E2: 1 | F2: ="S"&E2&"+" -> S1+ | G2: X-DI 32 05 | H2: X-CB 005 01 | I2: =E2&"a" -> 1a | J2: EXTERNAL | K2: B10E-PS-DS-02 | L2: Red | M2: 0.5mm² H05Z-K | N2: =D2&"/"&F2 -> 009/S1+ | O2: X-DS02 | P2: 3 | Q2: DI1 | R2: 0
F3: ="DI"&E2&"+" -> DI1+ | I3: =E2&"b" -> 1b | L3: Grey | M3: 0.5mm² H05Z-K | N3: =D2&"/"&F3 -> 009/DI1+ | O3: X-DS02 | P3: 4
A4: B10E-PS-GADL-02 | B4: General Access Door Locked Position Switch 2 | C4: 24Vdc | D4: {=_xlfn.LET(_xlpm.filepath,CELL("filename",D4),MID(_xlpm.filepath,FIND("]",_xlpm.filepath)+1,3))} -> 009 | E4: 2 | F4: ="S"&E4&"+" -> S2+ | G4: =G2 -> X-DI 32 05 | H4: =H2 -> X-CB 005 01 | I4: =E4&"a" -> 2a | J4: EXTERNAL | K4: B10E-PS-DS-02 | L4: Red | M4: 0.5mm² H05Z-K | N4: =D4&"/"&F4 -> 009/S2+ | O4: X-DS02 | P4: 5 | Q4: DI1 | R4: 0
F5: ="DI"&E4&"+" -> DI2+ | I5: =E4&"b" -> 2b | L5: Grey | M5: 0.5mm² H05Z-K | N5: =D4&"/"&F5 -> 009/DI2+ | O5: X-DS02 | P5: 6
A6: SPDI-009/3 | B6: Wired Spare Input | C6: 24Vdc | D6: {=_xlfn.LET(_xlpm.filepath,CELL("filename",D6),MID(_xlpm.filepath,FIND("]",_xlpm.filepath)+1,3))} -> 009 | E6: 3 | F6: ="S"&E6&"+" -> S3+ | G6: =G4 -> X-DI 32 05 | H6: =H2 -> X-CB 005 01 | I6: =E6&"a" -> 3a | L6: Red | M6: 0.5mm² H05Z-K | N6: =D6&"/"&F6 -> 009/S3+ | O6: X-SPDI | P6: 13 | Q6: DI2 | R6: 0/1 | T6: change term
F7: ="DI"&E6&"+" -> DI3+ | I7: =E6&"b" -> 3b | L7: Grey | M7: 0.5mm² H05Z-K | N7: =D6&"/"&F7 -> 009/DI3+ | O7: X-SPDI | P7: 14
A8: B10E-PS-GADC-05 | B8: General Access Gate Closed Position Switch 2 (N/O when Gate Open) | C8: 24Vdc | D8: {=_xlfn.LET(_xlpm.filepath,CELL("filename",D8),MID(_xlpm.filepath,FIND("]",_xlpm.filepath)+1,3))} -> 009 | E8: 4 | F8: ="S"&E8&"+" -> S4+ | G8: =G6 -> X-DI 32 05 | H8: =H6 -> X-CB 005 01 | I8: =E8&"a" -> 4a | J8: EXTERNAL | K8: B10E-PS-DS-05 | L8: Red | M8: 0.5mm² H05Z-K | N8: =D8&"/"&F8 -> 009/S4+ | O8: X-DS05 | P8: 3 | Q8: DI1 | R8: 0
F9: ="DI"&E8&"+" -> DI4+ | I9: =E8&"b" -> 4b | L9: Grey | M9: 0.5mm² H05Z-K | N9: =D8&"/"&F9 -> 009/DI4+ | O9: X-DS05 | P9: 4
A10: B10E-PS-GADL-05 | B10: General Access Gate Locked Position Switch 1 | C10: 24Vdc | D10: {=_xlfn.LET(_xlpm.filepath,CELL("filename",D10),MID(_xlpm.filepath,FIND("]",_xlpm.filepath)+1,3))} -> 009 | E10: 5 | F10: ="S"&E10&"+" -> S5+ | G10: =G8 -> X-DI 32 05 | H10: =H6 -> X-CB 005 01 | I10: =E10&"a" -> 5a | J10: EXTERNAL | K10: B10E-PS-DS-05 | L10: Red | M10: 0.5mm² H05Z-K | N10: =D10&"/"&F10 -> 009/S5+ | O10: X-DS05 | P10: 5 | Q10: DI1 | R10: 0
F11: ="DI"&E10&"+" -> DI5+ | I11: =E10&"b" -> 5b | L11: Grey | M11: 0.5mm² H05Z-K | N11: =D10&"/"&F11 -> 009/DI5+ | O11: X-DS05 | P11: 6
A12: SPDI-009/6 | B12: Wired Spare Input | C12: 24Vdc | D12: {=_xlfn.LET(_xlpm.filepath,CELL("filename",D12),MID(_xlpm.filepath,FIND("]",_xlpm.filepath)+1,3))} -> 009 | E12: 6 | F12: ="S"&E12&"+" -> S6+ | G12: =G10 -> X-DI 32 05 | H12: =H10 -> X-CB 005 01 | I12: =E12&"a" -> 6a | L12: Red | M12: 0.5mm² H05Z-K | N12: =D12&"/"&F12 -> 009/S6+ | O12: X-SPDI | P12: 15 | Q12: DI2 | R12: 0/1 | T12: term change
F13: ="DI"&E12&"+" -> DI6+ | I13: =E12&"b" -> 6b | L13: Grey | M13: 0.5mm² H05Z-K | N13: =D12&"/"&F13 -> 009/DI6+ | O13: X-SPDI | P13: 16
A14: B10E-PS-SADC-02 | B14: Service Access Door Closed Position Switch 2 (N/O when Door Open) | C14: 24Vdc | D14: {=_xlfn.LET(_xlpm.filepath,CELL("filename",D14),MID(_xlpm.filepath,FIND("]",_xlpm.filepath)+1,3))} -> 009 | E14: 7 | F14: ="S"&E14&"+" -> S7+ | G14: =G12 -> X-DI 32 05 | H14: =H10 -> X-CB 005 01 | I14: =E14&"a" -> 7a | J14: EXTERNAL | K14: B10E-PS-DS-08 | L14: Red | M14: 0.5mm² H05Z-K | N14: =D14&"/"&F14 -> 009/S7+ | O14: X-DS08 | P14: 3 | Q14: DI1 | R14: 0
F15: ="DI"&E14&"+" -> DI7+ | I15: =E14&"b" -> 7b | L15: Grey | M15: 0.5mm² H05Z-K | N15: =D14&"/"&F15 -> 009/DI7+ | O15: X-DS08 | P15: 4
A16: B10E-PS-SADL-02 | B16: Service Access Door Locked Position Switch 2 | C16: 24Vdc | D16: {=_xlfn.LET(_xlpm.filepath,CELL("filename",D16),MID(_xlpm.filepath,FIND("]",_xlpm.filepath)+1,3))} -> 009 | E16: 8 | F16: ="S"&E16&"+" -> S8+ | G16: =G14 -> X-DI 32 05 | H16: =H14 -> X-CB 005 01 | I16: =E16&"a" -> 8a | J16: EXTERNAL | K16: B10E-PS-DS-08 | L16: Red | M16: 0.5mm² H05Z-K | N16: =D16&"/"&F16 -> 009/S8+ | O16: X-DS08 | P16: 5 | Q16: DI1 | R16: 0
F17: ="DI"&E16&"+" -> DI8+ | I17: =E16&"b" -> 8b | L17: Grey | M17: 0.5mm² H05Z-K | N17: =D16&"/"&F17 -> 009/DI8+ | O17: X-DS08 | P17: 6
A18: SPDI-009/9 | B18: Wired Spare Input (RESERVED) | C18: 24Vdc | D18: {=_xlfn.LET(_xlpm.filepath,CELL("filename",D18),MID(_xlpm.filepath,FIND("]",_xlpm.filepath)+1,3))} -> 009 | E18: 9 | F18: ="S"&E18&"+" -> S9+ | G18: =G16 -> X-DI 32 05 | H18: =H14 -> X-CB 005 01 | I18: =E18&"a" -> 9a | K18: B10E-PS-DS-09 | L18: Red | M18: 0.5mm² H05Z-K | N18: =D18&"/"&F18 -> 009/S9+ | O18: X-SPDI | P18: 17 | Q18: DI2 | R18: 0/1 | T18: term change
F19: ="DI"&E18&"+" -> DI9+ | I19: =E18&"b" -> 9b | L19: Grey | M19: 0.5mm² H05Z-K | N19: =D18&"/"&F19 -> 009/DI9+ | O19: X-SPDI | P19: 18
A20: B10E-PS-SADC-05 | B20: Service Access Door Closed Position Switch 5 (N/O when Door Open) | C20: 24Vdc | D20: {=_xlfn.LET(_xlpm.filepath,CELL("filename",D20),MID(_xlpm.filepath,FIND("]",_xlpm.filepath)+1,3))} -> 009 | E20: 10 | F20: ="S"&E20&"+" -> S10+ | G20: =G18 -> X-DI 32 05 | H20: =H18 -> X-CB 005 01 | I20: =E20&"a" -> 10a | J20: HUTCH | K20: B10E-PS-DS-11 | L20: Red | M20: 0.5mm² H05Z-K | N20: =D20&"/"&F20 -> 009/S10+ | O20: X-DS11 | P20: 1 | Q20: DI1 | R20: 0
F21: ="DI"&E20&"+" -> DI10+ | I21: =E20&"b" -> 10b | L21: Grey | M21: 0.5mm² H05Z-K | N21: =D20&"/"&F21 -> 009/DI10+ | O21: X-DS11 | P21: 2
A22: SPDI-009/11 | B22: Wired Spare Input (RESERVED) | C22: 24Vdc | D22: {=_xlfn.LET(_xlpm.filepath,CELL("filename",D22),MID(_xlpm.filepath,FIND("]",_xlpm.filepath)+1,3))} -> 009 | E22: 11 | F22: ="S"&E22&"+" -> S11+ | G22: =G20 -> X-DI 32 05 | H22: =H18 -> X-CB 005 01 | I22: =E22&"a" -> 11a | K22: B10E-PS-DS-11 | L22: Red | M22: 0.5mm² H05Z-K | N22: =D22&"/"&F22 -> 009/S11+ | O22: X-DS11 | P22: 3 | Q22: DI2 | R22: 0/1
F23: ="DI"&E22&"+" -> DI11+ | I23: =E22&"b" -> 11b | L23: Grey | M23: 0.5mm² H05Z-K | N23: =D22&"/"&F23 -> 009/DI11+ | O23: X-DS11 | P23: 4
A24: ="SPDI-"&D24&"/"&E24 -> SPDI-009/12 | B24: Wired Spare Input | C24: 24Vdc | D24: {=_xlfn.LET(_xlpm.filepath,CELL("filename",D24),MID(_xlpm.filepath,FIND("]",_xlpm.filepath)+1,3))} -> 009 | E24: 12 | F24: ="S"&E24&"+" -> S12+ | G24: =G22 -> X-DI 32 05 | H24: =H22 -> X-CB 005 01 | I24: =E24&"a" -> 12a | J24: HUTCH | K24: B10E-PS-DS-12 | L24: Red | M24: 0.5mm² H05Z-K | N24: =D24&"/"&F24 -> 009/S12+ | O24: X-SPDI | P24: 19 | Q24: DI2 | R24: 0/1 | T24: Removed
F25: ="DI"&E24&"+" -> DI12+ | I25: =E24&"b" -> 12b | L25: Grey | M25: 0.5mm² H05Z-K | N25: =D24&"/"&F25 -> 009/DI12+ | O25: X-SPDI | P25: 20 | T25: change to spare
A26: B10E-PS-BOB-01:B | B26: Beam Off Button 01 | C26: 24Vdc | D26: {=_xlfn.LET(_xlpm.filepath,CELL("filename",D26),MID(_xlpm.filepath,FIND("]",_xlpm.filepath)+1,3))} -> 009 | E26: 13 | F26: ="S"&E26&"+" -> S13+ | G26: =G24 -> X-DI 32 05 | H26: =H22 -> X-CB 005 01 | I26: =E26&"a" -> 13a | J26: ZCP | K26: B10E-PS-BOB-01 | L26: Red | M26: 0.5mm² H05Z-K | N26: =D26&"/"&F26 -> 009/S13+ | O26: X-ZCP | P26: 19 | Q26: DI1 | R26: 0
F27: ="DI"&E26&"+" -> DI13+ | I27: =E26&"b" -> 13b | L27: Grey | M27: 0.5mm² H05Z-K | N27: =D26&"/"&F27 -> 009/DI13+ | O27: X-ZCP | P27: 20
A28: B10E-PS-BOB-02:B | B28: Beam Off Button 02 | C28: 24Vdc | D28: {=_xlfn.LET(_xlpm.filepath,CELL("filename",D28),MID(_xlpm.filepath,FIND("]",_xlpm.filepath)+1,3))} -> 009 | E28: 14 | F28: ="S"&E28&"+" -> S14+ | G28: =G26 -> X-DI 32 05 | H28: =H26 -> X-CB 005 01 | I28: =E28&"a" -> 14a | J28: HUTCH | K28: B10E-PS-BOB-02 | L28: Red | M28: 0.5mm² H05Z-K | N28: =D28&"/"&F28 -> 009/S14+ | O28: X-BOB | P28: 3 | Q28: DI1 | R28: 0
F29: ="DI"&E28&"+" -> DI14+ | I29: =E28&"b" -> 14b | L29: Grey | M29: 0.5mm² H05Z-K | N29: =D28&"/"&F29 -> 009/DI14+ | O29: X-BOB | P29: 4
A30: B10E-PS-BOB-03:B | B30: Beam Off Button 03 | C30: 24Vdc | D30: {=_xlfn.LET(_xlpm.filepath,CELL("filename",D30),MID(_xlpm.filepath,FIND("]",_xlpm.filepath)+1,3))} -> 009 | E30: 15 | F30: ="S"&E30&"+" -> S15+ | G30: =G28 -> X-DI 32 05 | H30: =H26 -> X-CB 005 01 | I30: =E30&"a" -> 15a | J30: HUTCH | K30: B10E-PS-BOB-03 | L30: Red | M30: 0.5mm² H05Z-K | N30: =D30&"/"&F30 -> 009/S15+ | O30: X-BOB | P30: 7 | Q30: DI1 | R30: 0
F31: ="DI"&E30&"+" -> DI15+ | I31: =E30&"b" -> 15b | L31: Grey | M31: 0.5mm² H05Z-K | N31: =D30&"/"&F31 -> 009/DI15+ | O31: X-BOB | P31: 8
A32: B10E-PS-BOB-04:B | B32: Beam Off Button 04 | C32: 24Vdc | D32: {=_xlfn.LET(_xlpm.filepath,CELL("filename",D32),MID(_xlpm.filepath,FIND("]",_xlpm.filepath)+1,3))} -> 009 | E32: 16 | F32: ="S"&E32&"+" -> S16+ | G32: =G30 -> X-DI 32 05 | H32: =H30 -> X-CB 005 01 | I32: =E32&"a" -> 16a | J32: HUTCH | K32: B10E-PS-BOB-04 | L32: Red | M32: 0.5mm² H05Z-K | N32: =D32&"/"&F32 -> 009/S16+ | O32: X-BOB | P32: 11 | Q32: DI1 | R32: 0
F33: ="DI"&E32&"+" -> DI16+ | I33: =E32&"b" -> 16b | L33: Grey | M33: 0.5mm² H05Z-K | N33: =D32&"/"&F33 -> 009/DI16+ | O33: X-BOB | P33: 12
A34: B10E-PS-BOB-05:B | B34: Beam Off Button 05 | C34: 24Vdc | D34: {=_xlfn.LET(_xlpm.filepath,CELL("filename",D34),MID(_xlpm.filepath,FIND("]",_xlpm.filepath)+1,3))} -> 009 | E34: 17 | F34: ="S"&E34&"+" -> S17+ | G34: =G32 -> X-DI 32 05 | H34: =H30 -> X-CB 005 01 | I34: =E34&"a" -> 17a | J34: HUTCH | K34: B10E-PS-BOB-05 | L34: Red | M34: 0.5mm² H05Z-K | N34: =D34&"/"&F34 -> 009/S17+ | O34: X-BOB | P34: 15 | Q34: DI1 | R34: 0
F35: ="DI"&E34&"+" -> DI17+ | I35: =E34&"b" -> 17b | L35: Grey | M35: 0.5mm² H05Z-K | N35: =D34&"/"&F35 -> 009/DI17+ | O35: X-BOB | P35: 16
A36: B10E-PS-BOB-06:B | B36: Beam Off Button 06 | C36: 24Vdc | D36: {=_xlfn.LET(_xlpm.filepath,CELL("filename",D36),MID(_xlpm.filepath,FIND("]",_xlpm.filepath)+1,3))} -> 009 | E36: 18 | F36: ="S"&E36&"+" -> S18+ | G36: =G34 -> X-DI 32 05 | H36: =H34 -> X-CB 005 01 | I36: =E36&"a" -> 18a | J36: HUTCH | K36: B10E-PS-BOB-06 | L36: Red | M36: 0.5mm² H05Z-K | N36: =D36&"/"&F36 -> 009/S18+ | O36: X-BOB | P36: 19 | Q36: DI1 | R36: 0
F37: ="DI"&E36&"+" -> DI18+ | I37: =E36&"b" -> 18b | L37: Grey | M37: 0.5mm² H05Z-K | N37: =D36&"/"&F37 -> 009/DI18+ | O37: X-BOB | P37: 20
A38: B10E-PS-BOB-07:B | B38: Beam Off Button 07 | C38: 24Vdc | D38: {=_xlfn.LET(_xlpm.filepath,CELL("filename",D38),MID(_xlpm.filepath,FIND("]",_xlpm.filepath)+1,3))} -> 009 | E38: 19 | F38: ="S"&E38&"+" -> S19+ | G38: =G36 -> X-DI 32 05 | H38: =H34 -> X-CB 005 01 | I38: =E38&"a" -> 19a | J38: HUTCH | K38: B10E-PS-BOB-07 | L38: Red | M38: 0.5mm² H05Z-K | N38: =D38&"/"&F38 -> 009/S19+ | O38: X-BOB | P38: 23 | Q38: DI1 | R38: 0
F39: ="DI"&E38&"+" -> DI19+ | I39: =E38&"b" -> 19b | L39: Grey | M39: 0.5mm² H05Z-K | N39: =D38&"/"&F39 -> 009/DI19+ | O39: X-BOB | P39: 24
A40: B10E-PS-BOB-08:B | B40: Beam Off Button 08 | C40: 24Vdc | D40: {=_xlfn.LET(_xlpm.filepath,CELL("filename",D40),MID(_xlpm.filepath,FIND("]",_xlpm.filepath)+1,3))} -> 009 | E40: 20 | F40: ="S"&E40&"+" -> S20+ | G40: =G38 -> X-DI 32 05 | H40: =H38 -> X-CB 005 01 | I40: =E40&"a" -> 20a | J40: HUTCH | K40: B10E-PS-BOB-08 | L40: Red | M40: 0.5mm² H05Z-K | N40: =D40&"/"&F40 -> 009/S20+ | O40: X-BOB | P40: 27 | Q40: DI1 | R40: 0
F41: ="DI"&E40&"+" -> DI20+ | I41: =E40&"b" -> 20b | L41: Grey | M41: 0.5mm² H05Z-K | N41: =D40&"/"&F41 -> 009/DI20+ | O41: X-BOB | P41: 28
A42: B10E-PS-SOVLN2-01:OP | B42: Liquid Nitrogen Shuttoff Valve OPEN | C42: 24Vdc | D42: {=_xlfn.LET(_xlpm.filepath,CELL("filename",D42),MID(_xlpm.filepath,FIND("]",_xlpm.filepath)+1,3))} -> 009 | E42: 21 | F42: ="S"&E42&"+" -> S21+ | G42: =G40 -> X-DI 32 05 | H42: =H38 -> X-CB 005 01 | I42: =E42&"a" -> 21a | J42: EXTERNAL | K42: B10E-PS-SOVLN2-01 | L42: Red | M42: 0.5mm² H05Z-K | N42: =D42&"/"&F42 -> 009/S21+ | O42: X-SOVLN2 | P42: 3 | Q42: DI1 | R42: 0
F43: ="DI"&E42&"+" -> DI21+ | I43: =E42&"b" -> 21b | L43: Grey | M43: 0.5mm² H05Z-K | N43: =D42&"/"&F43 -> 009/DI21+ | O43: X-SOVLN2 | P43: 4
A44: B10E-PS-SOVLN2-01:CL | B44: Liquid Nitrogen Shuttoff Valve CLOSED | C44: 24Vdc | D44: {=_xlfn.LET(_xlpm.filepath,CELL("filename",D44),MID(_xlpm.filepath,FIND("]",_xlpm.filepath)+1,3))} -> 009 | E44: 22 | F44: ="S"&E44&"+" -> S22+ | G44: =G42 -> X-DI 32 05 | H44: =H42 -> X-CB 005 01 | I44: =E44&"a" -> 22a | J44: EXTERNAL | K44: B10E-PS-SOVLN2-01 | L44: Red | M44: 0.5mm² H05Z-K | N44: =D44&"/"&F44 -> 009/S22+ | O44: X-SOVLN2 | P44: 5 | Q44: DI1 | R44: 0
F45: ="DI"&E44&"+" -> DI22+ | I45: =E44&"b" -> 22b | L45: Grey | M45: 0.5mm² H05Z-K | N45: =D44&"/"&F45 -> 009/DI22+ | O45: X-SOVLN2 | P45: 6
A46: B10E-PS-RDMND-01 | B46: Radiation Monitor 01 | C46: 24Vdc | D46: {=_xlfn.LET(_xlpm.filepath,CELL("filename",D46),MID(_xlpm.filepath,FIND("]",_xlpm.filepath)+1,3))} -> 009 | E46: 23 | F46: ="S"&E46&"+" -> S23+ | G46: =G44 -> X-DI 32 05 | H46: =H42 -> X-CB 005 01 | I46: =E46&"a" -> 23a | J46: EXTERNAL | K46: B10E-PS-RADMN-01 | L46: Red | M46: 0.5mm² H05Z-K | N46: =D46&"/"&F46 -> 009/S23+ | O46: X-RADMN | P46: 1 | Q46: DI1 | R46: 0
F47: ="DI"&E46&"+" -> DI23+ | I47: =E46&"b" -> 23b | L47: Grey | M47: 0.5mm² H05Z-K | N47: =D46&"/"&F47 -> 009/DI23+ | O47: X-RADMN | P47: 2
A48: B10E-PS-RDMNR-01 | B48: Radiation Monitor 01 | C48: 24Vdc | D48: {=_xlfn.LET(_xlpm.filepath,CELL("filename",D48),MID(_xlpm.filepath,FIND("]",_xlpm.filepath)+1,3))} -> 009 | E48: 24 | F48: ="S"&E48&"+" -> S24+ | G48: =G46 -> X-DI 32 05 | H48: =H46 -> X-CB 005 01 | I48: =E48&"a" -> 24a | J48: EXTERNAL | K48: B10E-PS-RADMN-01 | L48: Red | M48: 0.5mm² H05Z-K | N48: =D48&"/"&F48 -> 009/S24+ | O48: X-RADMN | P48: 3 | Q48: DI1 | R48: 0
F49: ="DI"&E48&"+" -> DI24+ | I49: =E48&"b" -> 24b | L49: Grey | M49: 0.5mm² H05Z-K | N49: =D48&"/"&F49 -> 009/DI24+ | O49: X-RADMN | P49: 4
A50: B10E-PS-RDMND-02 | B50: Radiation Monitor 02 | C50: 24Vdc | D50: {=_xlfn.LET(_xlpm.filepath,CELL("filename",D50),MID(_xlpm.filepath,FIND("]",_xlpm.filepath)+1,3))} -> 009 | E50: 25 | F50: ="S"&E50&"+" -> S25+ | G50: =G48 -> X-DI 32 05 | H50: =H46 -> X-CB 005 01 | I50: =E50&"a" -> 25a | J50: EXTERNAL | K50: B10E-PS-RADMN-02 | L50: Red | M50: 0.5mm² H05Z-K | N50: =D50&"/"&F50 -> 009/S25+ | O50: X-RADMN | P50: 5 | Q50: DI1 | R50: 0
F51: ="DI"&E50&"+" -> DI25+ | I51: =E50&"b" -> 25b | L51: Grey | M51: 0.5mm² H05Z-K | N51: =D50&"/"&F51 -> 009/DI25+ | O51: X-RADMN | P51: 6
A52: B10E-PS-RDMNR-02 | B52: Radiation Monitor 02 | C52: 24Vdc | D52: {=_xlfn.LET(_xlpm.filepath,CELL("filename",D52),MID(_xlpm.filepath,FIND("]",_xlpm.filepath)+1,3))} -> 009 | E52: 26 | F52: ="S"&E52&"+" -> S26+ | G52: =G50 -> X-DI 32 05 | H52: =H50 -> X-CB 005 01 | I52: =E52&"a" -> 26a | J52: EXTERNAL | K52: B10E-PS-RADMN-02 | L52: Red | M52: 0.5mm² H05Z-K | N52: =D52&"/"&F52 -> 009/S26+ | O52: X-RADMN | P52: 7 | Q52: DI1 | R52: 0
F53: ="DI"&E52&"+" -> DI26+ | I53: =E52&"b" -> 26b | L53: Grey | M53: 0.5mm² H05Z-K | N53: =D52&"/"&F53 -> 009/DI26+ | O53: X-RADMN | P53: 8
A54: B10E-PS-CON-06:FB | B54: Power Contactor 06 Feedback (3 Phase RF Power) | C54: 24Vdc | D54: {=_xlfn.LET(_xlpm.filepath,CELL("filename",D54),MID(_xlpm.filepath,FIND("]",_xlpm.filepath)+1,3))} -> 009 | E54: 27 | F54: ="S"&E54&"+" -> S27+ | G54: =G52 -> X-DI 32 05 | H54: =H50 -> X-CB 005 01 | I54: =E54&"a" -> 27a | J54: ELECTRON SOURCE | K54: B10E-PS-CON-06 | L54: Red | M54: 0.5mm² H05Z-K | N54: 009/S27+ | O54: X-INTF07 | P54: 45 | Q54: DI1 | R54: 0/2 | T54: New DI
F55: ="DI"&E54&"+" -> DI27+ | I55: =E54&"b" -> 27b | L55: Grey | M55: 0.5mm² H05Z-K | N55: 009/DI27+ | O55: X-INTF07 | P55: 46
A56: B10E-PS-CON-07:FB | B56: Power Contactor 07 Feedback (3 Phase RF Power) | C56: 24Vdc | D56: {=_xlfn.LET(_xlpm.filepath,CELL("filename",D56),MID(_xlpm.filepath,FIND("]",_xlpm.filepath)+1,3))} -> 009 | E56: 28 | F56: ="S"&E56&"+" -> S28+ | G56: =G54 -> X-DI 32 05 | H56: =H54 -> X-CB 005 01 | I56: =E56&"a" -> 28a | J56: ELECTRON SOURCE | K56: B10E-PS-CON-07 | L56: Red | M56: 0.5mm² H05Z-K | N56: 009/S28+ | O56: X-INTF07 | P56: 49 | Q56: DI1 | R56: 0/2 | T56: New DI
F57: ="DI"&E56&"+" -> DI28+ | I57: =E56&"b" -> 28b | L57: Grey | M57: 0.5mm² H05Z-K | N57: 009/DI28+ | O57: X-INTF07 | P57: 50
A58: B10E-PS-CON-08:FB | B58: Power Contactor 08 Feedback (3 Phase RF Power) | C58: 24Vdc | D58: {=_xlfn.LET(_xlpm.filepath,CELL("filename",D58),MID(_xlpm.filepath,FIND("]",_xlpm.filepath)+1,3))} -> 009 | E58: 29 | F58: ="S"&E58&"+" -> S29+ | G58: =G56 -> X-DI 32 05 | H58: =H54 -> X-CB 005 01 | I58: =E58&"a" -> 29a | J58: ELECTRON SOURCE | K58: B10E-PS-CON-08 | L58: Red | M58: 0.5mm² H05Z-K | N58: 009/S29+ | O58: X-INTF07 | P58: 53 | Q58: DI1 | R58: 0/2 | T58: New DI
F59: ="DI"&E58&"+" -> DI29+ | I59: =E58&"b" -> 29b | L59: Grey | M59: 0.5mm² H05Z-K | N59: 009/DI29+ | O59: X-INTF07 | P59: 54
A60: B10E-PS-CON-09:FB | B60: Power Contactor 09 Feedback (1 Phase RF Drive) | C60: 24Vdc | D60: {=_xlfn.LET(_xlpm.filepath,CELL("filename",D60),MID(_xlpm.filepath,FIND("]",_xlpm.filepath)+1,3))} -> 009 | E60: 30 | F60: ="S"&E60&"+" -> S30+ | G60: =G58 -> X-DI 32 05 | H60: =H58 -> X-CB 005 01 | I60: =E60&"a" -> 30a | J60: ELECTRON SOURCE | K60: B10E-PS-CON-09 | L60: Red | M60: 0.5mm² H05Z-K | N60: 009/S30+ | O60: X-INTF07 | P60: 57 | Q60: DI1 | R60: 0/2 | T60: New DI
F61: ="DI"&E60&"+" -> DI30+ | I61: =E60&"b" -> 30b | L61: Grey | M61: 0.5mm² H05Z-K | N61: 009/DI30+ | O61: X-INTF07 | P61: 58
A62: B10E-PS-CON-10:FB | B62: Power Contactor 10 Feedback (1 Phase RF Drive) | C62: 24Vdc | D62: {=_xlfn.LET(_xlpm.filepath,CELL("filename",D62),MID(_xlpm.filepath,FIND("]",_xlpm.filepath)+1,3))} -> 009 | E62: 31 | F62: ="S"&E62&"+" -> S31+ | G62: =G60 -> X-DI 32 05 | H62: =H58 -> X-CB 005 01 | I62: =E62&"a" -> 31a | J62: ELECTRON SOURCE | K62: B10E-PS-CON-10 | L62: Red | M62: 0.5mm² H05Z-K | N62: 009/S31+ | O62: X-INTF07 | P62: 61 | Q62: DI1 | R62: 0/2 | T62: New DI
F63: ="DI"&E62&"+" -> DI31+ | I63: =E62&"b" -> 31b | L63: Grey | M63: 0.5mm² H05Z-K | N63: 009/DI31+ | O63: X-INTF07 | P63: 62
A64: SPDI-009/32 | B64: Wired Spare Input | C64: 24Vdc | D64: {=_xlfn.LET(_xlpm.filepath,CELL("filename",D64),MID(_xlpm.filepath,FIND("]",_xlpm.filepath)+1,3))} -> 009 | E64: 32 | F64: ="S"&E64&"+" -> S32+ | G64: =G62 -> X-DI 32 05 | H64: =H62 -> X-CB 005 01 | I64: =E64&"a" -> 32a | L64: Red | M64: 0.5mm² H05Z-K | N64: =D64&"/"&F64 -> 009/S32+ | O64: X-SPDI | P64: 31 | Q64: DI2 | R64: 0/1
F65: ="DI"&E64&"+" -> DI32+ | I65: =E64&"b" -> 32b | L65: Grey | M65: 0.5mm² H05Z-K | N65: =D64&"/"&F65 -> 009/DI32+ | O65: X-SPDI | P65: 32

Sheet 013_DO
A1: TAG | B1: DESCRIPTION | C1: SIGNAL TYPE | D1: CHASSIS &SLOT No | E1: CHANNEL NO. | F1: SIGNAL | G1: MODULE | H1: CONNECTION BOARD | I1: CB TERM. | J1: WIRE COLOUR | K1: WIRE TYPE | L1: WIRE NUMBER | M1: DEVICE TERM. IN | N1: DEVICE | O1: DEVICE TERM. OUT | P1: DEVICE LOCATION | Q1: DEVICE TAG | R1: WIRE COLOUR | S1: WIRE TYPE | T1: WIRE NUMBER | U1: TERMINAL BLOCK | V1: TERM. No. | W1: Loop Type | X1: REV.
A2: B10E-PS-WLT-01:EN | B2: White Lights Enable (Relay) | C2: 24Vdc | D2: {=_xlfn.LET(_xlpm.filepath,CELL("filename",D2),MID(_xlpm.filepath,FIND("]",_xlpm.filepath)+1,3))} -> 013 | E2: 1 | F2: ="DO"&E2&"+" -> DO1+ | G2: X-DO 24 01 | H2: X-CB 009 01 | I2: 1a | J2: Grey | K2: 0.75mm² H05Z-K | L2: =D2&"/"&F2 -> 013/DO1+ | M2: A1 | N2: CON-1 | Q2: B10E-PS-WLT-01 | W2: SEE | X2: 0/1
F3: ="DO"&E2&"-" -> DO1- | I3: 1b | J3: White | K3: 0.75mm² H05Z-K | L3: =D2&"/"&F3 -> 013/DO1- | M3: A2 | W3: DWG 72
F4: 13L+ | J4: Red | K4: 2.5mm² H07Z-K | L4: 13L+ | M4: 1/L1 | O4: 2/T1 | R4: Red | S4: 2.5mm² H07Z-K | T4: CON1/:2 | U4: X-WLT | V4: 1 | Z4: Change wire size
F5: 14L+ | J5: Red | K5: 2.5mm² H07Z-K | L5: 14L+ | M5: 3/L2 | O5: 4/T2 | R5: Red | S5: 2.5mm² H07Z-K | T5: CON1/:4 | U5: X-WLT | V5: 3
F6: 13L- | R6: White | S6: 2.5mm² H07Z-K | T6: 13L- | U6: X-WLT | V6: 2
F7: 14L- | R7: White | S7: 2.5mm² H07Z-K | T7: 14L- | U7: X-WLT | V7: 4
A8: B10E-PS-CUST-01 | B8: HVEE Interlock | C8: 24Vdc | D8: {=_xlfn.LET(_xlpm.filepath,CELL("filename",D8),MID(_xlpm.filepath,FIND("]",_xlpm.filepath)+1,3))} -> 013 | E8: 2 | F8: ="DO"&E8&"+" -> DO2+ | G8: X-DO 24 01 | H8: X-CB 009 01 | I8: 2a | J8: Grey | K8: 0.75mm² H05Z-K | L8: =D8&"/"&F8 -> 013/DO2+ | M8: 4 | N8: CON-6 | O8: 7 | Q8: B10E-PS-CON-11 | R8: Orange | S8: 0.75mm² H05Z-K | T8: =D8&"/"&F8 -> 013/DO2+ | U8: X-INTF07 | V8: 39 | W8: SEE | X8: 0/2 | Z8: Tag change
F9: ="DO"&E8&"-" -> DO2- | I9: 2b | J9: White | K9: 0.75mm² H05Z-K | L9: =D8&"/"&F9 -> 013/DO2- | M9: 2 | N9: (H4116) | O9: 6 | R9: Orange | S9: 0.75mm² H05Z-K | T9: =D8&"/"&F9 -> 013/DO2- | U9: X-INTF07 | V9: 40 | W9: DWG 73
A10: B10E-PS-KEY-01:SOL | B10: Beamline Enable Keyswitch Solenoid | C10: 24Vdc | D10: {=_xlfn.LET(_xlpm.filepath,CELL("filename",D10),MID(_xlpm.filepath,FIND("]",_xlpm.filepath)+1,3))} -> 013 | E10: 3 | F10: ="DO"&E10&"+" -> DO3+ | G10: X-DO 24 01 | H10: X-CB 009 01 | I10: 3a | P10: ZCP | Q10: B10E-PS-KEY-01 | R10: Grey | S10: 0.75mm² H05Z-K | T10: =D10&"/"&F10 -> 013/DO3+ | U10: X-ZCP | V10: 1 | W10: DO1 | X10: 0
F11: ="DO"&E10&"-" -> DO3- | I11: 3b | R11: White | S11: 0.75mm² H05Z-K | T11: =D10&"/"&F11 -> 013/DO3- | U11: X-ZCP | V11: 2
A12: B10E-PS-KEY-02:SOL | B12: Hutch Enable Keyswitch Solenoid | C12: 24Vdc | D12: {=_xlfn.LET(_xlpm.filepath,CELL("filename",D12),MID(_xlpm.filepath,FIND("]",_xlpm.filepath)+1,3))} -> 013 | E12: 4 | F12: ="DO"&E12&"+" -> DO4+ | G12: X-DO 24 01 | H12: X-CB 009 01 | I12: 4a | P12: ZCP | Q12: B10E-PS-KEY-02 | R12: Grey | S12: 0.75mm² H05Z-K | T12: =D12&"/"&F12 -> 013/DO4+ | U12: X-ZCP | V12: 5 | W12: DO1 | X12: 0
F13: ="DO"&E12&"-" -> DO4- | I13: 4b | R13: White | S13: 0.75mm² H05Z-K | T13: =D12&"/"&F13 -> 013/DO4- | U13: X-ZCP | V13: 6
A14: B10E-PS-OR-01:LED | B14: Door Open / Reset Pushbutton LED | C14: 24Vdc | D14: {=_xlfn.LET(_xlpm.filepath,CELL("filename",D14),MID(_xlpm.filepath,FIND("]",_xlpm.filepath)+1,3))} -> 013 | E14: 5 | F14: ="DO"&E14&"+" -> DO5+ | G14: X-DO 24 01 | H14: X-CB 009 01 | I14: 5a | P14: ZCP | Q14: B10E-PS-OR-01 | R14: Grey | S14: 0.75mm² H05Z-K | T14: =D14&"/"&F14 -> 013/DO5+ | U14: X-ZCP | V14: 15 | W14: DO1 | X14: 0
F15: ="DO"&E14&"-" -> DO5- | I15: 5b | R15: White | S15: 0.75mm² H05Z-K | T15: =D14&"/"&F15 -> 013/DO5- | U15: X-ZCP | V15: 16
A16: B10E-PS-ASBF-01:LED | B16: Area Search Button Final LED | C16: 24Vdc | D16: {=_xlfn.LET(_xlpm.filepath,CELL("filename",D16),MID(_xlpm.filepath,FIND("]",_xlpm.filepath)+1,3))} -> 013 | E16: 6 | F16: ="DO"&E16&"+" -> DO6+ | G16: X-DO 24 01 | H16: X-CB 009 01 | I16: 6a | P16: ZCP | Q16: B10E-PS-ASBF-01 | R16: Grey | S16: 0.75mm² H05Z-K | T16: =D16&"/"&F16 -> 013/DO6+ | U16: X-ZCP | V16: 11 | W16: DO1 | X16: 0
F17: ="DO"&E16&"-" -> DO6- | I17: 6b | R17: White | S17: 0.75mm² H05Z-K | T17: =D16&"/"&F17 -> 013/DO6- | U17: X-ZCP | V17: 12
A18: B10E-PS-WLON-01:LED | B18: White Lights Enable Switch LED | C18: 24Vdc | D18: {=_xlfn.LET(_xlpm.filepath,CELL("filename",D18),MID(_xlpm.filepath,FIND("]",_xlpm.filepath)+1,3))} -> 013 | E18: 7 | F18: ="DO"&E18&"+" -> DO7+ | G18: X-DO 24 01 | H18: X-CB 009 01 | I18: 7a | P18: ZCP | Q18: B10E-PS-WLON-01 | R18: Grey | S18: 0.75mm² H05Z-K | T18: =D18&"/"&F18 -> 013/DO7+ | U18: X-ZCP | V18: 27 | W18: DO1 | X18: 0
F19: ="DO"&E18&"-" -> DO7- | I19: 7b | R19: White | S19: 0.75mm² H05Z-K | T19: =D18&"/"&F19 -> 013/DO7- | U19: X-ZCP | V19: 28
A20: B10E-PS-LCTx-01 | B20: Light Curtain Test Function | C20: 24Vdc | D20: {=_xlfn.LET(_xlpm.filepath,CELL("filename",D20),MID(_xlpm.filepath,FIND("]",_xlpm.filepath)+1,3))} -> 013 | E20: 8 | F20: ="DO"&E20&"+" -> DO8+ | G20: X-DO 24 01 | H20: X-CB 009 01 | I20: 8a | P20: EXTERNAL (VIA ZCP) | Q20: B10E-PS-LCTx-01 | R20: Grey | S20: 0.75mm² H05Z-K | T20: =D20&"/"&F20 -> 013/DO8+ | U20: X-ZCP | V20: 35 | W20: DO1 | X20: 0
F21: ="DO"&E20&"-" -> DO8- | I21: 8b | R21: White | S21: 0.75mm² H05Z-K | T21: =D20&"/"&F21 -> 013/DO8- | U21: X-ZCP | V21: 36
A22: B10E-PS-ANNOPN-01:A | B22: Hutch Status Annunciator - OPEN A | C22: 24Vdc | D22: {=_xlfn.LET(_xlpm.filepath,CELL("filename",D22),MID(_xlpm.filepath,FIND("]",_xlpm.filepath)+1,3))} -> 013 | E22: 9 | F22: ="DO"&E22&"+" -> DO9+ | G22: X-DO 24 01 | H22: X-CB 009 01 | I22: 9a | P22: EXTERNAL | Q22: B10E-PS-ANNUN-01 | R22: Grey | S22: 0.75mm² H05Z-K | T22: =D22&"/"&F22 -> 013/DO9+ | U22: X-ANNUN | V22: 1 | W22: DO1 | X22: 0
F23: ="DO"&E22&"-" -> DO9- | I23: 9b | R23: White | S23: 0.75mm² H05Z-K | T23: =D22&"/"&F23 -> 013/DO9- | U23: X-ANNUN | V23: 2
A24: B10E-PS-ANNRES-01:A | B24: Hutch Status Annunciator - RESTRICTED A | C24: 24Vdc | D24: {=_xlfn.LET(_xlpm.filepath,CELL("filename",D24),MID(_xlpm.filepath,FIND("]",_xlpm.filepath)+1,3))} -> 013 | E24: 10 | F24: ="DO"&E24&"+" -> DO10+ | G24: X-DO 24 01 | H24: X-CB 009 01 | I24: 10a | P24: EXTERNAL | Q24: B10E-PS-ANNUN-01 | R24: Grey | S24: 0.75mm² H05Z-K | T24: =D24&"/"&F24 -> 013/DO10+ | U24: X-ANNUN | V24: 5 | W24: DO1 | X24: 0
F25: ="DO"&E24&"-" -> DO10- | I25: 10b | R25: White | S25: 0.75mm² H05Z-K | T25: =D24&"/"&F25 -> 013/DO10- | U25: X-ANNUN | V25: 6
A26: B10E-PS-ANNSTB-01:A | B26: Hutch Status Annunciator - STANDBY A | C26: 24Vdc | D26: {=_xlfn.LET(_xlpm.filepath,CELL("filename",D26),MID(_xlpm.filepath,FIND("]",_xlpm.filepath)+1,3))} -> 013 | E26: 11 | F26: ="DO"&E26&"+" -> DO11+ | G26: X-DO 24 01 | H26: X-CB 009 01 | I26: 11a | P26: EXTERNAL | Q26: B10E-PS-ANNUN-01 | R26: Grey | S26: 0.75mm² H05Z-K | T26: =D26&"/"&F26 -> 013/DO11+ | U26: X-ANNUN | V26: 9 | W26: DO1 | X26: 0
F27: ="DO"&E26&"-" -> DO11- | I27: 11b | R27: White | S27: 0.75mm² H05Z-K | T27: =D26&"/"&F27 -> 013/DO11- | U27: X-ANNUN | V27: 10
A28: B10E-PS-ANNBON-01:A | B28: Hutch Status Annunciator - BEAM ON A | C28: 24Vdc | D28: {=_xlfn.LET(_xlpm.filepath,CELL("filename",D28),MID(_xlpm.filepath,FIND("]",_xlpm.filepath)+1,3))} -> 013 | E28: 12 | F28: ="DO"&E28&"+" -> DO12+ | G28: X-DO 24 01 | H28: X-CB 009 01 | I28: 12a | P28: EXTERNAL | Q28: B10E-PS-ANNUN-01 | R28: Grey | S28: 0.75mm² H05Z-K | T28: =D28&"/"&F28 -> 013/DO12+ | U28: X-ANNUN | V28: 13 | W28: DO1 | X28: 0
F29: ="DO"&E28&"-" -> DO12- | I29: 12b | R29: White | S29: 0.75mm² H05Z-K | T29: =D28&"/"&F29 -> 013/DO12- | U29: X-ANNUN | V29: 14
A30: B10E-PS-SP01-01 | B30: Beacon/Sounder 01 Message 1 (LSB) | C30: 24Vdc | D30: {=_xlfn.LET(_xlpm.filepath,CELL("filename",D30),MID(_xlpm.filepath,FIND("]",_xlpm.filepath)+1,3))} -> 013 | E30: 13 | F30: ="DO"&E30&"+" -> DO13+ | G30: X-DO 24 01 | H30: X-CB 009 01 | I30: 13a | P30: HUTCH | Q30: B10E-PS-SP-01 | R30: Grey | S30: 0.75mm² H05Z-K | T30: =D30&"/"&F30 -> 013/DO13+ | U30: X-SP01 | V30: 1 | W30: DO1 | X30: 0
F31: ="DO"&E30&"-" -> DO13- | I31: 13b | R31: White | S31: 0.75mm² H05Z-K | T31: =D30&"/"&F31 -> 013/DO13- | U31: X-SP01 | V31: 2
A32: B10E-PS-SP02-01 | B32: Beacon/Sounder 01 Message 2 (MSB) | C32: 24Vdc | D32: {=_xlfn.LET(_xlpm.filepath,CELL("filename",D32),MID(_xlpm.filepath,FIND("]",_xlpm.filepath)+1,3))} -> 013 | E32: 14 | F32: ="DO"&E32&"+" -> DO14+ | G32: X-DO 24 01 | H32: X-CB 009 01 | I32: 14a | P32: HUTCH | Q32: B10E-PS-SP-01 | R32: Grey | S32: 0.75mm² H05Z-K | T32: =D32&"/"&F32 -> 013/DO14+ | U32: X-SP01 | V32: 3 | W32: DO1 | X32: 0
F33: ="DO"&E32&"-" -> DO14- | I33: 14b | R33: White | S33: 0.75mm² H05Z-K | T33: =D32&"/"&F33 -> 013/DO14- | U33: X-SP01 | V33: 4
A34: B10E-PS-SP03-01 | B34: Beacon/Sounder 01 Strobe | C34: 24Vdc | D34: {=_xlfn.LET(_xlpm.filepath,CELL("filename",D34),MID(_xlpm.filepath,FIND("]",_xlpm.filepath)+1,3))} -> 013 | E34: 15 | F34: ="DO"&E34&"+" -> DO15+ | G34: X-DO 24 01 | H34: X-CB 009 01 | I34: 15a | P34: HUTCH | Q34: B10E-PS-SP-01 | R34: Grey | S34: 0.75mm² H05Z-K | T34: =D34&"/"&F34 -> 013/DO15+ | U34: X-SP01 | V34: 5 | W34: DO1 | X34: 0
F35: ="DO"&E34&"-" -> DO15- | I35: 15b | R35: White | S35: 0.75mm² H05Z-K | T35: =D34&"/"&F35 -> 013/DO15- | U35: X-SP01 | V35: 6
A36: B10E-PS-SOVLN2-01 | B36: Liquid Nitrogen Shuttoff Valve | C36: 24Vdc | D36: {=_xlfn.LET(_xlpm.filepath,CELL("filename",D36),MID(_xlpm.filepath,FIND("]",_xlpm.filepath)+1,3))} -> 013 | E36: 16 | F36: ="DO"&E36&"+" -> DO16+ | G36: X-DO 24 01 | H36: X-CB 009 01 | I36: 16a | P36: EXTERNAL | Q36: B10E-PS-SOVLN2-01 | R36: Grey | S36: 0.75mm² H05Z-K | T36: =D36&"/"&F36 -> 013/DO16+ | U36: X-SOVLN2 | V36: 1 | W36: DO1 | X36: 0
F37: ="DO"&E36&"-" -> DO16- | I37: 16b | R37: White | S37: 0.75mm² H05Z-K | T37: =D36&"/"&F37 -> 013/DO16- | U37: X-SOVLN2 | V37: 2
A38: B10E-PS-SP01-04 | B38: O2/SF6 Healthy Beacon 01 (Green LED) | C38: 24Vdc | D38: {=_xlfn.LET(_xlpm.filepath,CELL("filename",D38),MID(_xlpm.filepath,FIND("]",_xlpm.filepath)+1,3))} -> 013 | E38: 17 | F38: ="DO"&E38&"+" -> DO17+ | G38: X-DO 24 01 | H38: X-CB 009 01 | I38: 17a | P38: HUTCH | Q38: B10E-PS-SP-04 | R38: Grey | S38: 0.75mm² H05Z-K | T38: =D38&"/"&F38 -> 013/DO17+ | U38: X-SP | V38: 1 | W38: DO1 | X38: 0
F39: ="DO"&E38&"-" -> DO17- | I39: 17b | R39: White | S39: 0.75mm² H05Z-K | T39: =D38&"/"&F39 -> 013/DO17- | U39: X-SP | V39: 2
A40: B10E-PS-SP02-04 | B40: O2/SF6 Alarm Beacon 01 (Red LED) | C40: 24Vdc | D40: {=_xlfn.LET(_xlpm.filepath,CELL("filename",D40),MID(_xlpm.filepath,FIND("]",_xlpm.filepath)+1,3))} -> 013 | E40: 18 | F40: ="DO"&E40&"+" -> DO18+ | G40: X-DO 24 01 | H40: X-CB 009 01 | I40: 18a | P40: HUTCH | Q40: B10E-PS-SP-04 | R40: Grey | S40: 0.75mm² H05Z-K | T40: =D40&"/"&F40 -> 013/DO18+ | U40: X-SP | V40: 3 | W40: DO1 | X40: 0
F41: ="DO"&E40&"-" -> DO18- | I41: 18b | R41: White | S41: 0.75mm² H05Z-K | T41: =D40&"/"&F41 -> 013/DO18- | U41: X-SP | V41: 4
A42: B10E-PS-CON-06:EN | B42: Power Contactor 06 (3 Phase RF Power) | C42: 24Vdc | D42: {=_xlfn.LET(_xlpm.filepath,CELL("filename",D42),MID(_xlpm.filepath,FIND("]",_xlpm.filepath)+1,3))} -> 013 | E42: 19 | F42: ="DO"&E42&"+" -> DO19+ | G42: X-DO 24 01 | H42: X-CB 009 01 | I42: 19a | P42: ELECTRON SOURCE | Q42: B10E-PS-CON-06 | R42: Grey | S42: 0.75mm² H05Z-K | T42: =D42&"/"&F42 -> 013/DO19+ | U42: X-INTF07 | V42: 43 | W42: DO1 | X42: 0/2
F43: ="DO"&E42&"-" -> DO19- | I43: 19b | R43: White | S43: 0.75mm² H05Z-K | T43: =D42&"/"&F43 -> 013/DO19- | U43: X-INTF07 | V43: 44
A44: B10E-PS-CON-07:EN | B44: Power Contactor 07 (3 Phase RF Power) | C44: 24Vdc | D44: {=_xlfn.LET(_xlpm.filepath,CELL("filename",D44),MID(_xlpm.filepath,FIND("]",_xlpm.filepath)+1,3))} -> 013 | E44: 20 | F44: ="DO"&E44&"+" -> DO20+ | G44: X-DO 24 01 | H44: X-CB 009 01 | I44: 20a | P44: ELECTRON SOURCE | Q44: B10E-PS-CON-07 | R44: Grey | S44: 0.75mm² H05Z-K | T44: =D44&"/"&F44 -> 013/DO20+ | U44: X-INTF07 | V44: 47 | W44: DO1 | X44: 0/2
F45: ="DO"&E44&"-" -> DO20- | I45: 20b | R45: White | S45: 0.75mm² H05Z-K | T45: =D44&"/"&F45 -> 013/DO20- | U45: X-INTF07 | V45: 48
A46: B10E-PS-CON-08:EN | B46: Power Contactor 08 (3 Phase RF Power) | C46: 24Vdc | D46: {=_xlfn.LET(_xlpm.filepath,CELL("filename",D46),MID(_xlpm.filepath,FIND("]",_xlpm.filepath)+1,3))} -> 013 | E46: 21 | F46: ="DO"&E46&"+" -> DO21+ | G46: X-DO 24 01 | H46: X-CB 009 01 | I46: 21a | P46: ELECTRON SOURCE | Q46: B10E-PS-CON-08 | R46: Grey | S46: 0.75mm² H05Z-K | T46: =D46&"/"&F46 -> 013/DO21+ | U46: X-INTF07 | V46: 51 | W46: DO1 | X46: 0/2
F47: ="DO"&E46&"-" -> DO21- | I47: 21b | R47: White | S47: 0.75mm² H05Z-K | T47: =D46&"/"&F47 -> 013/DO21- | U47: X-INTF07 | V47: 52
A48: B10E-PS-CON-09:EN | B48: Power Contactor 09 (1 Phase RF Drive) | C48: 24Vdc | D48: {=_xlfn.LET(_xlpm.filepath,CELL("filename",D48),MID(_xlpm.filepath,FIND("]",_xlpm.filepath)+1,3))} -> 013 | E48: 22 | F48: ="DO"&E48&"+" -> DO22+ | G48: X-DO 24 01 | H48: X-CB 009 01 | I48: 22a | P48: ELECTRON SOURCE | Q48: B10E-PS-CON-09 | R48: Grey | S48: 0.75mm² H05Z-K | T48: =D48&"/"&F48 -> 013/DO22+ | U48: X-INTF07 | V48: 55 | W48: DO1 | X48: 0/2
F49: ="DO"&E48&"-" -> DO22- | I49: 22b | R49: White | S49: 0.75mm² H05Z-K | T49: =D48&"/"&F49 -> 013/DO22- | U49: X-INTF07 | V49: 56
A50: B10E-PS-CON-10:EN | B50: Power Contactor 10 (1 Phase RF Drive) | C50: 24Vdc | D50: {=_xlfn.LET(_xlpm.filepath,CELL("filename",D50),MID(_xlpm.filepath,FIND("]",_xlpm.filepath)+1,3))} -> 013 | E50: 23 | F50: ="DO"&E50&"+" -> DO23+ | G50: X-DO 24 01 | H50: X-CB 009 01 | I50: 23a | P50: ELECTRON SOURCE | Q50: B10E-PS-CON-10 | R50: Grey | S50: 0.75mm² H05Z-K | T50: =D50&"/"&F50 -> 013/DO23+ | U50: X-INTF07 | V50: 59 | W50: DO1 | X50: 0/2
F51: ="DO"&E50&"-" -> DO23- | I51: 23b | R51: White | S51: 0.75mm² H05Z-K | T51: =D50&"/"&F51 -> 013/DO23- | U51: X-INTF07 | V51: 60
A52: SPDO-013/24 | B52: Wired Spare Output | C52: 24Vdc | D52: {=_xlfn.LET(_xlpm.filepath,CELL("filename",D52),MID(_xlpm.filepath,FIND("]",_xlpm.filepath)+1,3))} -> 013 | E52: 24 | F52: ="DO"&E52&"+" -> DO24+ | G52: X-DO 24 01 | H52: X-CB 009 01 | I52: 24a | R52: Grey | S52: 0.75mm² H05Z-K | T52: =D52&"/"&F52 -> 013/DO24+ | U52: X-SPDO | V52: 11 | W52: DO1 | X52: 0
F53: ="DO"&E52&"-" -> DO24- | I53: 24b | R53: White | S53: 0.75mm² H05Z-K | T53: =D52&"/"&F53 -> 013/DO24- | U53: X-SPDO | V53: 12

Sheet 014_DO
A1: TAG | B1: DESCRIPTION | C1: SIGNAL TYPE | D1: CHASSIS &SLOT No | E1: Channel. No. | F1: Signal | G1: MODULE | H1: CONNECTION BOARD | I1: CB TERM. | J1: DEVICE LOCATION | K1: DEVICE TAG | L1: WIRE COLOUR | M1: WIRE TYPE | N1: WIRE NUMBER | O1: TERMINAL BLOCK | P1: TERM. No. | Q1: Loop Type | R1: REV.
A2: B10E-PS-ASB-01:LED | B2: Area Search Pushbutton LED 01 | C2: 24Vdc | D2: {=_xlfn.LET(_xlpm.filepath,CELL("filename",D2),MID(_xlpm.filepath,FIND("]",_xlpm.filepath)+1,3))} -> 014 | E2: 1 | F2: ="DO"&E2&"+" -> DO1+ | G2: X-DO 24 01 | H2: X-CB 009 01 | I2: 1a | J2: HUTCH | K2: B10E-PS-ASB-01 | L2: Grey | M2: 0.75mm² H05Z-K | N2: =D2&"/"&F2 -> 014/DO1+ | O2: X-ASB | P2: 3 | Q2: DO1 | R2: 0
F3: ="DO"&E2&"-" -> DO1- | I3: 1b | L3: White | M3: 0.75mm² H05Z-K | N3: =D2&"/"&F3 -> 014/DO1- | O3: X-ASB | P3: 4
A4: B10E-PS-ASB-02:LED | B4: Area Search Pushbutton LED 02 | C4: 24Vdc | D4: {=_xlfn.LET(_xlpm.filepath,CELL("filename",D4),MID(_xlpm.filepath,FIND("]",_xlpm.filepath)+1,3))} -> 014 | E4: 2 | F4: ="DO"&E4&"+" -> DO2+ | G4: X-DO 24 01 | H4: X-CB 009 01 | I4: 2a | J4: HUTCH | K4: B10E-PS-ASB-02 | L4: Grey | M4: 0.75mm² H05Z-K | N4: =D4&"/"&F4 -> 014/DO2+ | O4: X-ASB | P4: 7 | Q4: DO1 | R4: 0
F5: ="DO"&E4&"-" -> DO2- | I5: 2b | L5: White | M5: 0.75mm² H05Z-K | N5: =D4&"/"&F5 -> 014/DO2- | O5: X-ASB | P5: 8
A6: B10E-PS-ASB-03:LED | B6: Area Search Pushbutton LED 03 | C6: 24Vdc | D6: {=_xlfn.LET(_xlpm.filepath,CELL("filename",D6),MID(_xlpm.filepath,FIND("]",_xlpm.filepath)+1,3))} -> 014 | E6: 3 | F6: ="DO"&E6&"+" -> DO3+ | G6: X-DO 24 01 | H6: X-CB 009 01 | I6: 3a | J6: HUTCH | K6: B10E-PS-ASB-03 | L6: Grey | M6: 0.75mm² H05Z-K | N6: =D6&"/"&F6 -> 014/DO3+ | O6: X-ASB | P6: 11 | Q6: DO1 | R6: 0
F7: ="DO"&E6&"-" -> DO3- | I7: 3b | L7: White | M7: 0.75mm² H05Z-K | N7: =D6&"/"&F7 -> 014/DO3- | O7: X-ASB | P7: 12
A8: B10E-PS-ASB-04:LED | B8: Area Search Pushbutton LED 04 | C8: 24Vdc | D8: {=_xlfn.LET(_xlpm.filepath,CELL("filename",D8),MID(_xlpm.filepath,FIND("]",_xlpm.filepath)+1,3))} -> 014 | E8: 4 | F8: ="DO"&E8&"+" -> DO4+ | G8: X-DO 24 01 | H8: X-CB 009 01 | I8: 4a | J8: HUTCH | K8: B10E-PS-ASB-04 | L8: Grey | M8: 0.75mm² H05Z-K | N8: =D8&"/"&F8 -> 014/DO4+ | O8: X-ASB | P8: 15 | Q8: DO1 | R8: 0
F9: ="DO"&E8&"-" -> DO4- | I9: 4b | L9: White | M9: 0.75mm² H05Z-K | N9: =D8&"/"&F9 -> 014/DO4- | O9: X-ASB | P9: 16
A10: B10E-PS-SP01-02 | B10: Beacon/Sounder 02 Message 1 (LSB) | C10: 24Vdc | D10: {=_xlfn.LET(_xlpm.filepath,CELL("filename",D10),MID(_xlpm.filepath,FIND("]",_xlpm.filepath)+1,3))} -> 014 | E10: 5 | F10: ="DO"&E10&"+" -> DO5+ | G10: X-DO 24 01 | H10: X-CB 009 01 | I10: 5a | J10: HUTCH | K10: B10E-PS-SP-02 | L10: Grey | M10: 0.75mm² H05Z-K | N10: =D10&"/"&F10 -> 014/DO5+ | O10: X-SP02 | P10: 1 | Q10: DO1 | R10: 0
F11: ="DO"&E10&"-" -> DO5- | I11: 5b | L11: White | M11: 0.75mm² H05Z-K | N11: =D10&"/"&F11 -> 014/DO5- | O11: X-SP02 | P11: 2
A12: B10E-PS-SP02-02 | B12: Beacon/Sounder 02 Message 2 (MSB) | C12: 24Vdc | D12: {=_xlfn.LET(_xlpm.filepath,CELL("filename",D12),MID(_xlpm.filepath,FIND("]",_xlpm.filepath)+1,3))} -> 014 | E12: 6 | F12: ="DO"&E12&"+" -> DO6+ | G12: X-DO 24 01 | H12: X-CB 009 01 | I12: 6a | J12: HUTCH | K12: B10E-PS-SP-02 | L12: Grey | M12: 0.75mm² H05Z-K | N12: =D12&"/"&F12 -> 014/DO6+ | O12: X-SP02 | P12: 3 | Q12: DO1 | R12: 0
F13: ="DO"&E12&"-" -> DO6- | I13: 6b | L13: White | M13: 0.75mm² H05Z-K | N13: =D12&"/"&F13 -> 014/DO6- | O13: X-SP02 | P13: 4
A14: B10E-PS-SP03-02 | B14: Beacon/Sounder 02 Strobe | C14: 24Vdc | D14: {=_xlfn.LET(_xlpm.filepath,CELL("filename",D14),MID(_xlpm.filepath,FIND("]",_xlpm.filepath)+1,3))} -> 014 | E14: 7 | F14: ="DO"&E14&"+" -> DO7+ | G14: X-DO 24 01 | H14: X-CB 009 01 | I14: 7a | J14: HUTCH | K14: B10E-PS-SP-02 | L14: Grey | M14: 0.75mm² H05Z-K | N14: =D14&"/"&F14 -> 014/DO7+ | O14: X-SP02 | P14: 5 | Q14: DO1 | R14: 0
F15: ="DO"&E14&"-" -> DO7- | I15: 7b | L15: White | M15: 0.75mm² H05Z-K | N15: =D14&"/"&F15 -> 014/DO7- | O15: X-SP02 | P15: 6
A16: ="SPDO-"&D16&"/"&E16 -> SPDO-014/8 | B16: Wired Spare Output | C16: 24Vdc | D16: {=_xlfn.LET(_xlpm.filepath,CELL("filename",D16),MID(_xlpm.filepath,FIND("]",_xlpm.filepath)+1,3))} -> 014 | E16: 8 | F16: ="DO"&E16&"+" -> DO8+ | G16: X-DO 24 01 | H16: X-CB 009 01 | I16: 8a | L16: Grey | M16: 0.75mm² H05Z-K | N16: =D16&"/"&F16 -> 014/DO8+ | O16: X-SPDO | P16: 13 | Q16: DO1 | R16: 0
F17: ="DO"&E16&"-" -> DO8- | I17: 8b | L17: White | M17: 0.75mm² H05Z-K | N17: =D16&"/"&F17 -> 014/DO8- | O17: X-SPDO | P17: 14
A18: B10E-PS-ANNOPN-01:B | B18: Hutch Status Annunciator - OPEN B | C18: 24Vdc | D18: {=_xlfn.LET(_xlpm.filepath,CELL("filename",D18),MID(_xlpm.filepath,FIND("]",_xlpm.filepath)+1,3))} -> 014 | E18: 9 | F18: ="DO"&E18&"+" -> DO9+ | G18: X-DO 24 01 | H18: X-CB 009 01 | I18: 9a | J18: EXTERNAL | K18: B10E-PS-ANNUN-01 | L18: Grey | M18: 0.75mm² H05Z-K | N18: =D18&"/"&F18 -> 014/DO9+ | O18: X-ANNUN | P18: 3 | Q18: DO1 | R18: 0
F19: ="DO"&E18&"-" -> DO9- | I19: 9b | L19: White | M19: 0.75mm² H05Z-K | N19: =D18&"/"&F19 -> 014/DO9- | O19: X-ANNUN | P19: 4
A20: B10E-PS-ANNRES-01:B | B20: Hutch Status Annunciator - RESTRICTED B | C20: 24Vdc | D20: {=_xlfn.LET(_xlpm.filepath,CELL("filename",D20),MID(_xlpm.filepath,FIND("]",_xlpm.filepath)+1,3))} -> 014 | E20: 10 | F20: ="DO"&E20&"+" -> DO10+ | G20: X-DO 24 01 | H20: X-CB 009 01 | I20: 10a | J20: EXTERNAL | K20: B10E-PS-ANNUN-01 | L20: Grey | M20: 0.75mm² H05Z-K | N20: =D20&"/"&F20 -> 014/DO10+ | O20: X-ANNUN | P20: 7 | Q20: DO1 | R20: 0
F21: ="DO"&E20&"-" -> DO10- | I21: 10b | L21: White | M21: 0.75mm² H05Z-K | N21: =D20&"/"&F21 -> 014/DO10- | O21: X-ANNUN | P21: 8
A22: B10E-PS-ANNSTB-01:B | B22: Hutch Status Annunciator - STANDBY B | C22: 24Vdc | D22: {=_xlfn.LET(_xlpm.filepath,CELL("filename",D22),MID(_xlpm.filepath,FIND("]",_xlpm.filepath)+1,3))} -> 014 | E22: 11 | F22: ="DO"&E22&"+" -> DO11+ | G22: X-DO 24 01 | H22: X-CB 009 01 | I22: 11a | J22: EXTERNAL | K22: B10E-PS-ANNUN-01 | L22: Grey | M22: 0.75mm² H05Z-K | N22: =D22&"/"&F22 -> 014/DO11+ | O22: X-ANNUN | P22: 11 | Q22: DO1 | R22: 0
F23: ="DO"&E22&"-" -> DO11- | I23: 11b | L23: White | M23: 0.75mm² H05Z-K | N23: =D22&"/"&F23 -> 014/DO11- | O23: X-ANNUN | P23: 12
A24: B10E-PS-ANNBON-01:B | B24: Hutch Status Annunciator - BEAM ON B | C24: 24Vdc | D24: {=_xlfn.LET(_xlpm.filepath,CELL("filename",D24),MID(_xlpm.filepath,FIND("]",_xlpm.filepath)+1,3))} -> 014 | E24: 12 | F24: ="DO"&E24&"+" -> DO12+ | G24: X-DO 24 01 | H24: X-CB 009 01 | I24: 12a | J24: EXTERNAL | K24: B10E-PS-ANNUN-01 | L24: Grey | M24: 0.75mm² H05Z-K | N24: =D24&"/"&F24 -> 014/DO12+ | O24: X-ANNUN | P24: 15 | Q24: DO1 | R24: 0
F25: ="DO"&E24&"-" -> DO12- | I25: 12b | L25: White | M25: 0.75mm² H05Z-K | N25: =D24&"/"&F25 -> 014/DO12- | O25: X-ANNUN | P25: 16
A26: B10E-PS-SP01-05 | B26: O2/SF6 Healthy Beacon 02 (GREEN LED) | C26: 24Vdc | D26: {=_xlfn.LET(_xlpm.filepath,CELL("filename",D26),MID(_xlpm.filepath,FIND("]",_xlpm.filepath)+1,3))} -> 014 | E26: 13 | F26: ="DO"&E26&"+" -> DO13+ | G26: X-DO 24 01 | H26: X-CB 009 01 | I26: 13a | J26: HUTCH | K26: B10E-PS-SP-05 | L26: Grey | M26: 0.75mm² H05Z-K | N26: =D26&"/"&F26 -> 014/DO13+ | O26: X-SP | P26: 5 | Q26: DO1 | R26: 0
F27: ="DO"&E26&"-" -> DO13- | I27: 13b | L27: White | M27: 0.75mm² H05Z-K | N27: =D26&"/"&F27 -> 014/DO13- | O27: X-SP | P27: 6
A28: B10E-PS-SP02-05 | B28: O2/SF6 Alarm Beacon 02 (RED LED) | C28: 24Vdc | D28: {=_xlfn.LET(_xlpm.filepath,CELL("filename",D28),MID(_xlpm.filepath,FIND("]",_xlpm.filepath)+1,3))} -> 014 | E28: 14 | F28: ="DO"&E28&"+" -> DO14+ | G28: X-DO 24 01 | H28: X-CB 009 01 | I28: 14a | J28: HUTCH | K28: B10E-PS-SP-05 | L28: Grey | M28: 0.75mm² H05Z-K | N28: =D28&"/"&F28 -> 014/DO14+ | O28: X-SP | P28: 7 | Q28: DO1 | R28: 0
F29: ="DO"&E28&"-" -> DO14- | I29: 14b | L29: White | M29: 0.75mm² H05Z-K | N29: =D28&"/"&F29 -> 014/DO14- | O29: X-SP | P29: 8
A30: B10E-PS-BLUEL-01:A | B30: Blue Light 01 -A | C30: 24Vdc | D30: {=_xlfn.LET(_xlpm.filepath,CELL("filename",D30),MID(_xlpm.filepath,FIND("]",_xlpm.filepath)+1,3))} -> 014 | E30: 15 | F30: ="DO"&E30&"+" -> DO15+ | G30: X-DO 24 01 | H30: X-CB 009 01 | I30: 15a | J30: HUTCH | K30: B10E-PS-BLUEL-01 | L30: Grey | M30: 0.75mm² H05Z-K | N30: =D30&"/"&F30 -> 014/DO15+ | O30: X-BLUEL | P30: 1 | Q30: DO1 | R30: 0
F31: ="DO"&E30&"-" -> DO15- | I31: 15b | L31: White | M31: 0.75mm² H05Z-K | N31: =D30&"/"&F31 -> 014/DO15- | O31: X-BLUEL | P31: 2
A32: B10E-PS-BLUEL-02:A | B32: Blue Light 02 -A | C32: 24Vdc | D32: {=_xlfn.LET(_xlpm.filepath,CELL("filename",D32),MID(_xlpm.filepath,FIND("]",_xlpm.filepath)+1,3))} -> 014 | E32: 16 | F32: ="DO"&E32&"+" -> DO16+ | G32: X-DO 24 01 | H32: X-CB 009 01 | I32: 16a | J32: HUTCH | K32: B10E-PS-BLUEL-02 | L32: Grey | M32: 0.75mm² H05Z-K | N32: =D32&"/"&F32 -> 014/DO16+ | O32: X-BLUEL | P32: 5 | Q32: DO1 | R32: 0
F33: ="DO"&E32&"-" -> DO16- | I33: 16b | L33: White | M33: 0.75mm² H05Z-K | N33: =D32&"/"&F33 -> 014/DO16- | O33: X-BLUEL | P33: 6
A34: B10E-PS-BLUEL-03:A | B34: Blue Light 03 -A | C34: 24Vdc | D34: {=_xlfn.LET(_xlpm.filepath,CELL("filename",D34),MID(_xlpm.filepath,FIND("]",_xlpm.filepath)+1,3))} -> 014 | E34: 17 | F34: ="DO"&E34&"+" -> DO17+ | G34: X-DO 24 01 | H34: X-CB 009 01 | I34: 17a | J34: HUTCH | K34: B10E-PS-BLUEL-03 | L34: Grey | M34: 0.75mm² H05Z-K | N34: =D34&"/"&F34 -> 014/DO17+ | O34: X-BLUEL | P34: 9 | Q34: DO1 | R34: 0
F35: ="DO"&E34&"-" -> DO17- | I35: 17b | L35: White | M35: 0.75mm² H05Z-K | N35: =D34&"/"&F35 -> 014/DO17- | O35: X-BLUEL | P35: 10
A36: B10E-PS-BLUEL-04:A | B36: Blue Light 04 -A | C36: 24Vdc | D36: {=_xlfn.LET(_xlpm.filepath,CELL("filename",D36),MID(_xlpm.filepath,FIND("]",_xlpm.filepath)+1,3))} -> 014 | E36: 18 | F36: ="DO"&E36&"+" -> DO18+ | G36: X-DO 24 01 | H36: X-CB 009 01 | I36: 18a | J36: HUTCH | K36: B10E-PS-BLUEL-04 | L36: Grey | M36: 0.75mm² H05Z-K | N36: =D36&"/"&F36 -> 014/DO18+ | O36: X-BLUEL | P36: 13 | Q36: DO1 | R36: 0
F37: ="DO"&E36&"-" -> DO18- | I37: 18b | L37: White | M37: 0.75mm² H05Z-K | N37: =D36&"/"&F37 -> 014/DO18- | O37: X-BLUEL | P37: 14
A38: B10E-PS-BLUEL-05:A | B38: Blue Light 05 -A | C38: 24Vdc | D38: {=_xlfn.LET(_xlpm.filepath,CELL("filename",D38),MID(_xlpm.filepath,FIND("]",_xlpm.filepath)+1,3))} -> 014 | E38: 19 | F38: ="DO"&E38&"+" -> DO19+ | G38: X-DO 24 01 | H38: X-CB 009 01 | I38: 19a | J38: HUTCH | K38: B10E-PS-BLUEL-05 | L38: Grey | M38: 0.75mm² H05Z-K | N38: =D38&"/"&F38 -> 014/DO19+ | O38: X-BLUEL | P38: 17 | Q38: DO1 | R38: 0
F39: ="DO"&E38&"-" -> DO19- | I39: 19b | L39: White | M39: 0.75mm² H05Z-K | N39: =D38&"/"&F39 -> 014/DO19- | O39: X-BLUEL | P39: 18
A40: B10E-PS-BLUEL-06:A | B40: Blue Light 06 -A | C40: 24Vdc | D40: {=_xlfn.LET(_xlpm.filepath,CELL("filename",D40),MID(_xlpm.filepath,FIND("]",_xlpm.filepath)+1,3))} -> 014 | E40: 20 | F40: ="DO"&E40&"+" -> DO20+ | G40: X-DO 24 01 | H40: X-CB 009 01 | I40: 20a | J40: HUTCH | K40: B10E-PS-BLUEL-06 | L40: Grey | M40: 0.75mm² H05Z-K | N40: =D40&"/"&F40 -> 014/DO20+ | O40: X-BLUEL | P40: 21 | Q40: DO1 | R40: 0
F41: ="DO"&E40&"-" -> DO20- | I41: 20b | L41: White | M41: 0.75mm² H05Z-K | N41: =D40&"/"&F41 -> 014/DO20- | O41: X-BLUEL | P41: 22
A42: ="SPDO-"&D42&"/"&E42 -> SPDO-014/21 | B42: Wired Spare Output | C42: 24Vdc | D42: {=_xlfn.LET(_xlpm.filepath,CELL("filename",D42),MID(_xlpm.filepath,FIND("]",_xlpm.filepath)+1,3))} -> 014 | E42: 21 | F42: ="DO"&E42&"+" -> DO21+ | G42: X-DO 24 01 | H42: X-CB 009 01 | I42: 21a | L42: Grey | M42: 0.75mm² H05Z-K | N42: =D42&"/"&F42 -> 014/DO21+ | O42: X-SPDO | P42: 15 | Q42: DO1 | R42: 0
F43: ="DO"&E42&"-" -> DO21- | I43: 21b | L43: White | M43: 0.75mm² H05Z-K | N43: =D42&"/"&F43 -> 014/DO21- | O43: X-SPDO | P43: 16
A44: ="SPDO-"&D44&"/"&E44 -> SPDO-014/22 | B44: Wired Spare Output | C44: 24Vdc | D44: {=_xlfn.LET(_xlpm.filepath,CELL("filename",D44),MID(_xlpm.filepath,FIND("]",_xlpm.filepath)+1,3))} -> 014 | E44: 22 | F44: ="DO"&E44&"+" -> DO22+ | G44: X-DO 24 01 | H44: X-CB 009 01 | I44: 22a | L44: Grey | M44: 0.75mm² H05Z-K | N44: =D44&"/"&F44 -> 014/DO22+ | O44: X-SPDO | P44: 17 | Q44: DO1 | R44: 0
F45: ="DO"&E44&"-" -> DO22- | I45: 22b | L45: White | M45: 0.75mm² H05Z-K | N45: =D44&"/"&F45 -> 014/DO22- | O45: X-SPDO | P45: 18
A46: ="SPDO-"&D46&"/"&E46 -> SPDO-014/23 | B46: Wired Spare Output | C46: 24Vdc | D46: {=_xlfn.LET(_xlpm.filepath,CELL("filename",D46),MID(_xlpm.filepath,FIND("]",_xlpm.filepath)+1,3))} -> 014 | E46: 23 | F46: ="DO"&E46&"+" -> DO23+ | G46: X-DO 24 01 | H46: X-CB 009 01 | I46: 23a | L46: Grey | M46: 0.75mm² H05Z-K | N46: =D46&"/"&F46 -> 014/DO23+ | O46: X-SPDO | P46: 19 | Q46: DO1 | R46: 0
F47: ="DO"&E46&"-" -> DO23- | I47: 23b | L47: White | M47: 0.75mm² H05Z-K | N47: =D46&"/"&F47 -> 014/DO23- | O47: X-SPDO | P47: 20
A48: SPDO-013/23 | B48: Wired Spare Output | C48: 24Vdc | D48: {=_xlfn.LET(_xlpm.filepath,CELL("filename",D48),MID(_xlpm.filepath,FIND("]",_xlpm.filepath)+1,3))} -> 014 | E48: 24 | F48: ="DO"&E48&"+" -> DO24+ | G48: X-DO 24 01 | H48: X-CB 009 01 | I48: 24a | L48: Grey | M48: 0.75mm² H05Z-K | N48: =D48&"/"&F48 -> 014/DO24+ | O48: X-SPDO | P48: 21 | Q48: DO1 | R48: 0
F49: ="DO"&E48&"-" -> DO24- | I49: 24b | L49: White | M49: 0.75mm² H05Z-K | N49: =D48&"/"&F49 -> 014/DO24- | O49: X-SPDO | P49: 22

Sheet 015_DO
A1: TAG | B1: DESCRIPTION | C1: SIGNAL TYPE | D1: CHASSIS &SLOT No | E1: Channel. No. | F1: Signal | G1: MODULE | H1: CONNECTION BOARD | I1: CB TERM. | J1: DEVICE LOCATION | K1: DEVICE TAG | L1: WIRE COLOUR | M1: WIRE TYPE | N1: WIRE NUMBER | O1: TERMINAL BLOCK | P1: TERM. No. | Q1: Loop Type | R1: REV.
A2: B10E-PS-SP01-03 | B2: Beacon/Sounder 03 Message 1 | C2: 24Vdc | D2: {=_xlfn.LET(_xlpm.filepath,CELL("filename",D2),MID(_xlpm.filepath,FIND("]",_xlpm.filepath)+1,3))} -> 015 | E2: 1 | F2: ="DO"&E2&"+" -> DO1+ | G2: X-DO 24 01 | H2: X-CB 009 01 | I2: 1a | J2: HUTCH | K2: B10E-PS-SP-03 | L2: Grey | M2: 0.75mm² H05Z-K | N2: =D2&"/"&F2 -> 015/DO1+ | O2: X-SP03 | P2: 1 | Q2: DO1 | R2: 0
F3: ="DO"&E2&"-" -> DO1- | I3: 1b | L3: White | M3: 0.75mm² H05Z-K | N3: =D2&"/"&F3 -> 015/DO1- | O3: X-SP03 | P3: 2
A4: B10E-PS-SP02-03 | B4: Beacon/Sounder 03 Message 2 | C4: 24Vdc | D4: {=_xlfn.LET(_xlpm.filepath,CELL("filename",D4),MID(_xlpm.filepath,FIND("]",_xlpm.filepath)+1,3))} -> 015 | E4: 2 | F4: ="DO"&E4&"+" -> DO2+ | G4: X-DO 24 01 | H4: X-CB 009 01 | I4: 2a | J4: HUTCH | K4: B10E-PS-SP-03 | L4: Grey | M4: 0.75mm² H05Z-K | N4: =D4&"/"&F4 -> 015/DO2+ | O4: X-SP03 | P4: 3 | Q4: DO1 | R4: 0
F5: ="DO"&E4&"-" -> DO2- | I5: 2b | L5: White | M5: 0.75mm² H05Z-K | N5: =D4&"/"&F5 -> 015/DO2- | O5: X-SP03 | P5: 4
A6: B10E-PS-SP03-03 | B6: Beacon/Sounder 03 Strobe | C6: 24Vdc | D6: {=_xlfn.LET(_xlpm.filepath,CELL("filename",D6),MID(_xlpm.filepath,FIND("]",_xlpm.filepath)+1,3))} -> 015 | E6: 3 | F6: ="DO"&E6&"+" -> DO3+ | G6: X-DO 24 01 | H6: X-CB 009 01 | I6: 3a | J6: HUTCH | K6: B10E-PS-SP-03 | L6: Grey | M6: 0.75mm² H05Z-K | N6: =D6&"/"&F6 -> 015/DO3+ | O6: X-SP03 | P6: 5 | Q6: DO1 | R6: 0
F7: ="DO"&E6&"-" -> DO3- | I7: 3b | L7: White | M7: 0.75mm² H05Z-K | N7: =D6&"/"&F7 -> 015/DO3- | O7: X-SP03 | P7: 6
A8: B10E-PS-BOBI-01:A | B8: Beam Off Button Indicator 01 -A | C8: 24Vdc | D8: {=_xlfn.LET(_xlpm.filepath,CELL("filename",D8),MID(_xlpm.filepath,FIND("]",_xlpm.filepath)+1,3))} -> 015 | E8: 4 | F8: ="DO"&E8&"+" -> DO4+ | G8: X-DO 24 01 | H8: X-CB 009 01 | I8: 4a | J8: HUTCH | K8: B10E-PS-BOBI-01 | L8: Grey | M8: 0.75mm² H05Z-K | N8: =D8&"/"&F8 -> 015/DO4+ | O8: X-BOBI | P8: 1 | Q8: DO1 | R8: 0
F9: ="DO"&E8&"-" -> DO4- | I9: 4b | L9: White | M9: 0.75mm² H05Z-K | N9: =D8&"/"&F9 -> 015/DO4- | O9: X-BOBI | P9: 2
A10: B10E-PS-BOBI-02:A | B10: Beam Off Button Indicator 02 -A | C10: 24Vdc | D10: {=_xlfn.LET(_xlpm.filepath,CELL("filename",D10),MID(_xlpm.filepath,FIND("]",_xlpm.filepath)+1,3))} -> 015 | E10: 5 | F10: ="DO"&E10&"+" -> DO5+ | G10: X-DO 24 01 | H10: X-CB 009 01 | I10: 5a | J10: HUTCH | K10: B10E-PS-BOBI-02 | L10: Grey | M10: 0.75mm² H05Z-K | N10: =D10&"/"&F10 -> 015/DO5+ | O10: X-BOBI | P10: 5 | Q10: DO1 | R10: 0
F11: ="DO"&E10&"-" -> DO5- | I11: 5b | L11: White | M11: 0.75mm² H05Z-K | N11: =D10&"/"&F11 -> 015/DO5- | O11: X-BOBI | P11: 6
A12: B10E-PS-BOBI-03:A | B12: Beam Off Button Indicator 03 -A | C12: 24Vdc | D12: {=_xlfn.LET(_xlpm.filepath,CELL("filename",D12),MID(_xlpm.filepath,FIND("]",_xlpm.filepath)+1,3))} -> 015 | E12: 6 | F12: ="DO"&E12&"+" -> DO6+ | G12: X-DO 24 01 | H12: X-CB 009 01 | I12: 6a | J12: HUTCH | K12: B10E-PS-BOBI-03 | L12: Grey | M12: 0.75mm² H05Z-K | N12: =D12&"/"&F12 -> 015/DO6+ | O12: X-BOBI | P12: 9 | Q12: DO1 | R12: 0
F13: ="DO"&E12&"-" -> DO6- | I13: 6b | L13: White | M13: 0.75mm² H05Z-K | N13: =D12&"/"&F13 -> 015/DO6- | O13: X-BOBI | P13: 10
A14: B10E-PS-BOBI-04:A | B14: Beam Off Button Indicator 04 -A | C14: 24Vdc | D14: {=_xlfn.LET(_xlpm.filepath,CELL("filename",D14),MID(_xlpm.filepath,FIND("]",_xlpm.filepath)+1,3))} -> 015 | E14: 7 | F14: ="DO"&E14&"+" -> DO7+ | G14: X-DO 24 01 | H14: X-CB 009 01 | I14: 7a | J14: HUTCH | K14: B10E-PS-BOBI-04 | L14: Grey | M14: 0.75mm² H05Z-K | N14: =D14&"/"&F14 -> 015/DO7+ | O14: X-BOBI | P14: 13 | Q14: DO1 | R14: 0
F15: ="DO"&E14&"-" -> DO7- | I15: 7b | L15: White | M15: 0.75mm² H05Z-K | N15: =D14&"/"&F15 -> 015/DO7- | O15: X-BOBI | P15: 14
A16: B10E-PS-BOBI-05:A | B16: Beam Off Button Indicator 05 -A | C16: 24Vdc | D16: {=_xlfn.LET(_xlpm.filepath,CELL("filename",D16),MID(_xlpm.filepath,FIND("]",_xlpm.filepath)+1,3))} -> 015 | E16: 8 | F16: ="DO"&E16&"+" -> DO8+ | G16: X-DO 24 01 | H16: X-CB 009 01 | I16: 8a | J16: HUTCH | K16: B10E-PS-BOBI-05 | L16: Grey | M16: 0.75mm² H05Z-K | N16: =D16&"/"&F16 -> 015/DO8+ | O16: X-BOBI | P16: 17 | Q16: DO1 | R16: 0
F17: ="DO"&E16&"-" -> DO8- | I17: 8b | L17: White | M17: 0.75mm² H05Z-K | N17: =D16&"/"&F17 -> 015/DO8- | O17: X-BOBI | P17: 18
A18: B10E-PS-BONI-01:A | B18: Beam On Indicator 01 -A | C18: 24Vdc | D18: {=_xlfn.LET(_xlpm.filepath,CELL("filename",D18),MID(_xlpm.filepath,FIND("]",_xlpm.filepath)+1,3))} -> 015 | E18: 9 | F18: ="DO"&E18&"+" -> DO9+ | G18: X-DO 24 01 | H18: X-CB 009 01 | I18: 9a | J18: HUTCH | K18: B10E-PS-BONI-01 | L18: Grey | M18: 0.75mm² H05Z-K | N18: =D18&"/"&F18 -> 015/DO9+ | O18: X-BOBI | P18: 21 | Q18: DO1 | R18: 0
F19: ="DO"&E18&"-" -> DO9- | I19: 9b | L19: White | M19: 0.75mm² H05Z-K | N19: =D18&"/"&F19 -> 015/DO9- | O19: X-BOBI | P19: 22
A20: B10E-PS-SP01-06 | B20: O2/SF6 Healthy Beacon 03 (GREEN LED) | C20: 24Vdc | D20: {=_xlfn.LET(_xlpm.filepath,CELL("filename",D20),MID(_xlpm.filepath,FIND("]",_xlpm.filepath)+1,3))} -> 015 | E20: 10 | F20: ="DO"&E20&"+" -> DO10+ | G20: X-DO 24 01 | H20: X-CB 009 01 | I20: 10a | J20: HUTCH | K20: B10E-PS-SP-06 | L20: Grey | M20: 0.75mm² H05Z-K | N20: =D20&"/"&F20 -> 015/DO10+ | O20: X-SP | P20: 9 | Q20: DO1 | R20: 0
F21: ="DO"&E20&"-" -> DO10- | I21: 10b | L21: White | M21: 0.75mm² H05Z-K | N21: =D20&"/"&F21 -> 015/DO10- | O21: X-SP | P21: 10
A22: B10E-PS-SP02-06 | B22: O2/SF6 Alarm Beacon 03 (RED LED) | C22: 24Vdc | D22: {=_xlfn.LET(_xlpm.filepath,CELL("filename",D22),MID(_xlpm.filepath,FIND("]",_xlpm.filepath)+1,3))} -> 015 | E22: 11 | F22: ="DO"&E22&"+" -> DO11+ | G22: X-DO 24 01 | H22: X-CB 009 01 | I22: 11a | J22: HUTCH | K22: B10E-PS-SP-06 | L22: Grey | M22: 0.75mm² H05Z-K | N22: =D22&"/"&F22 -> 015/DO11+ | O22: X-SP | P22: 11 | Q22: DO1 | R22: 0
F23: ="DO"&E22&"-" -> DO11- | I23: 11b | L23: White | M23: 0.75mm² H05Z-K | N23: =D22&"/"&F23 -> 015/DO11- | O23: X-SP | P23: 12
A24: B10E-PS-SP01-07 | B24: O2/SF6 Healthy Beacon 04 (GREEN LED) | C24: 24Vdc | D24: {=_xlfn.LET(_xlpm.filepath,CELL("filename",D24),MID(_xlpm.filepath,FIND("]",_xlpm.filepath)+1,3))} -> 015 | E24: 12 | F24: ="DO"&E24&"+" -> DO12+ | G24: X-DO 24 01 | H24: X-CB 009 01 | I24: 12a | J24: EXTERNAL | K24: B10E-PS-SP-07 | L24: Grey | M24: 0.75mm² H05Z-K | N24: =D24&"/"&F24 -> 015/DO12+ | O24: X-SP | P24: 13 | Q24: DO1 | R24: 0
F25: ="DO"&E24&"-" -> DO12- | I25: 12b | L25: White | M25: 0.75mm² H05Z-K | N25: =D24&"/"&F25 -> 015/DO12- | O25: X-SP | P25: 14
A26: B10E-PS-SP02-07 | B26: O2/SF6 Alarm Beacon 04 (RED LED) | C26: 24Vdc | D26: {=_xlfn.LET(_xlpm.filepath,CELL("filename",D26),MID(_xlpm.filepath,FIND("]",_xlpm.filepath)+1,3))} -> 015 | E26: 13 | F26: ="DO"&E26&"+" -> DO13+ | G26: X-DO 24 01 | H26: X-CB 009 01 | I26: 13a | J26: EXTERNAL | K26: B10E-PS-SP-07 | L26: Grey | M26: 0.75mm² H05Z-K | N26: =D26&"/"&F26 -> 015/DO13+ | O26: X-SP | P26: 15 | Q26: DO1 | R26: 0
F27: ="DO"&E26&"-" -> DO13- | I27: 13b | L27: White | M27: 0.75mm² H05Z-K | N27: =D26&"/"&F27 -> 015/DO13- | O27: X-SP | P27: 16
A28: ="SPDO-"&D28&"/"&E28 -> SPDO-015/14 | B28: Wired Spare Output | C28: 24Vdc | D28: {=_xlfn.LET(_xlpm.filepath,CELL("filename",D28),MID(_xlpm.filepath,FIND("]",_xlpm.filepath)+1,3))} -> 015 | E28: 14 | F28: ="DO"&E28&"+" -> DO14+ | G28: X-DO 24 01 | H28: X-CB 009 01 | I28: 14a | L28: Grey | M28: 0.75mm² H05Z-K | N28: =D28&"/"&F28 -> 015/DO14+ | O28: X-SPDO | P28: 23 | Q28: DO1 | R28: 0
F29: ="DO"&E28&"-" -> DO14- | I29: 14b | L29: White | M29: 0.75mm² H05Z-K | N29: =D28&"/"&F29 -> 015/DO14- | O29: X-SPDO | P29: 24
A30: B10E-PS-BLUEL-01:B | B30: Blue Light 01 -B | C30: 24Vdc | D30: {=_xlfn.LET(_xlpm.filepath,CELL("filename",D30),MID(_xlpm.filepath,FIND("]",_xlpm.filepath)+1,3))} -> 015 | E30: 15 | F30: ="DO"&E30&"+" -> DO15+ | G30: X-DO 24 01 | H30: X-CB 009 01 | I30: 15a | J30: HUTCH | K30: B10E-PS-BLUEL-01 | L30: Grey | M30: 0.75mm² H05Z-K | N30: =D30&"/"&F30 -> 015/DO15+ | O30: X-BLUEL | P30: 3 | Q30: DO1 | R30: 0
F31: ="DO"&E30&"-" -> DO15- | I31: 15b | L31: White | M31: 0.75mm² H05Z-K | N31: =D30&"/"&F31 -> 015/DO15- | O31: X-BLUEL | P31: 4
A32: B10E-PS-BLUEL-02:B | B32: Blue Light 02 -B | C32: 24Vdc | D32: {=_xlfn.LET(_xlpm.filepath,CELL("filename",D32),MID(_xlpm.filepath,FIND("]",_xlpm.filepath)+1,3))} -> 015 | E32: 16 | F32: ="DO"&E32&"+" -> DO16+ | G32: X-DO 24 01 | H32: X-CB 009 01 | I32: 16a | J32: HUTCH | K32: B10E-PS-BLUEL-02 | L32: Grey | M32: 0.75mm² H05Z-K | N32: =D32&"/"&F32 -> 015/DO16+ | O32: X-BLUEL | P32: 7 | Q32: DO1 | R32: 0
F33: ="DO"&E32&"-" -> DO16- | I33: 16b | L33: White | M33: 0.75mm² H05Z-K | N33: =D32&"/"&F33 -> 015/DO16- | O33: X-BLUEL | P33: 8
A34: B10E-PS-BLUEL-03:B | B34: Blue Light 03 -B | C34: 24Vdc | D34: {=_xlfn.LET(_xlpm.filepath,CELL("filename",D34),MID(_xlpm.filepath,FIND("]",_xlpm.filepath)+1,3))} -> 015 | E34: 17 | F34: ="DO"&E34&"+" -> DO17+ | G34: X-DO 24 01 | H34: X-CB 009 01 | I34: 17a | J34: HUTCH | K34: B10E-PS-BLUEL-03 | L34: Grey | M34: 0.75mm² H05Z-K | N34: =D34&"/"&F34 -> 015/DO17+ | O34: X-BLUEL | P34: 11 | Q34: DO1 | R34: 0
F35: ="DO"&E34&"-" -> DO17- | I35: 17b | L35: White | M35: 0.75mm² H05Z-K | N35: =D34&"/"&F35 -> 015/DO17- | O35: X-BLUEL | P35: 12
A36: B10E-PS-BLUEL-04:B | B36: Blue Light 04 -B | C36: 24Vdc | D36: {=_xlfn.LET(_xlpm.filepath,CELL("filename",D36),MID(_xlpm.filepath,FIND("]",_xlpm.filepath)+1,3))} -> 015 | E36: 18 | F36: ="DO"&E36&"+" -> DO18+ | G36: X-DO 24 01 | H36: X-CB 009 01 | I36: 18a | J36: HUTCH | K36: B10E-PS-BLUEL-04 | L36: Grey | M36: 0.75mm² H05Z-K | N36: =D36&"/"&F36 -> 015/DO18+ | O36: X-BLUEL | P36: 15 | Q36: DO1 | R36: 0
F37: ="DO"&E36&"-" -> DO18- | I37: 18b | L37: White | M37: 0.75mm² H05Z-K | N37: =D36&"/"&F37 -> 015/DO18- | O37: X-BLUEL | P37: 16
A38: B10E-PS-BLUEL-05:B | B38: Blue Light 05 -B | C38: 24Vdc | D38: {=_xlfn.LET(_xlpm.filepath,CELL("filename",D38),MID(_xlpm.filepath,FIND("]",_xlpm.filepath)+1,3))} -> 015 | E38: 19 | F38: ="DO"&E38&"+" -> DO19+ | G38: X-DO 24 01 | H38: X-CB 009 01 | I38: 19a | J38: HUTCH | K38: B10E-PS-BLUEL-05 | L38: Grey | M38: 0.75mm² H05Z-K | N38: =D38&"/"&F38 -> 015/DO19+ | O38: X-BLUEL | P38: 19 | Q38: DO1 | R38: 0
F39: ="DO"&E38&"-" -> DO19- | I39: 19b | L39: White | M39: 0.75mm² H05Z-K | N39: =D38&"/"&F39 -> 015/DO19- | O39: X-BLUEL | P39: 20
A40: B10E-PS-BLUEL-06:B | B40: Blue Light 06 -B | C40: 24Vdc | D40: {=_xlfn.LET(_xlpm.filepath,CELL("filename",D40),MID(_xlpm.filepath,FIND("]",_xlpm.filepath)+1,3))} -> 015 | E40: 20 | F40: ="DO"&E40&"+" -> DO20+ | G40: X-DO 24 01 | H40: X-CB 009 01 | I40: 20a | J40: HUTCH | K40: B10E-PS-BLUEL-06 | L40: Grey | M40: 0.75mm² H05Z-K | N40: =D40&"/"&F40 -> 015/DO20+ | O40: X-BLUEL | P40: 23 | Q40: DO1 | R40: 0
F41: ="DO"&E40&"-" -> DO20- | I41: 20b | L41: White | M41: 0.75mm² H05Z-K | N41: =D40&"/"&F41 -> 015/DO20- | O41: X-BLUEL | P41: 24
A42: ="SPDO-"&D42&"/"&E42 -> SPDO-015/21 | B42: Wired Spare Output | C42: 24Vdc | D42: {=_xlfn.LET(_xlpm.filepath,CELL("filename",D42),MID(_xlpm.filepath,FIND("]",_xlpm.filepath)+1,3))} -> 015 | E42: 21 | F42: ="DO"&E42&"+" -> DO21+ | G42: X-DO 24 01 | H42: X-CB 009 01 | I42: 21a | L42: Grey | M42: 0.75mm² H05Z-K | N42: =D42&"/"&F42 -> 015/DO21+ | O42: X-SPDO | P42: 25 | Q42: DO1 | R42: 0
F43: ="DO"&E42&"-" -> DO21- | I43: 21b | L43: White | M43: 0.75mm² H05Z-K | N43: =D42&"/"&F43 -> 015/DO21- | O43: X-SPDO | P43: 26
A44: ="SPDO-"&D44&"/"&E44 -> SPDO-015/22 | B44: Wired Spare Output | C44: 24Vdc | D44: {=_xlfn.LET(_xlpm.filepath,CELL("filename",D44),MID(_xlpm.filepath,FIND("]",_xlpm.filepath)+1,3))} -> 015 | E44: 22 | F44: ="DO"&E44&"+" -> DO22+ | G44: X-DO 24 01 | H44: X-CB 009 01 | I44: 22a | L44: Grey | M44: 0.75mm² H05Z-K | N44: =D44&"/"&F44 -> 015/DO22+ | O44: X-SPDO | P44: 27 | Q44: DO1 | R44: 0
F45: ="DO"&E44&"-" -> DO22- | I45: 22b | L45: White | M45: 0.75mm² H05Z-K | N45: =D44&"/"&F45 -> 015/DO22- | O45: X-SPDO | P45: 28
A46: ="SPDO-"&D46&"/"&E46 -> SPDO-015/23 | B46: Wired Spare Output | C46: 24Vdc | D46: {=_xlfn.LET(_xlpm.filepath,CELL("filename",D46),MID(_xlpm.filepath,FIND("]",_xlpm.filepath)+1,3))} -> 015 | E46: 23 | F46: ="DO"&E46&"+" -> DO23+ | G46: X-DO 24 01 | H46: X-CB 009 01 | I46: 23a | L46: Grey | M46: 0.75mm² H05Z-K | N46: =D46&"/"&F46 -> 015/DO23+ | O46: X-SPDO | P46: 29 | Q46: DO1 | R46: 0
F47: ="DO"&E46&"-" -> DO23- | I47: 23b | L47: White | M47: 0.75mm² H05Z-K | N47: =D46&"/"&F47 -> 015/DO23- | O47: X-SPDO | P47: 30
A48: SPDO-013/23 | B48: Wired Spare Output | C48: 24Vdc | D48: {=_xlfn.LET(_xlpm.filepath,CELL("filename",D48),MID(_xlpm.filepath,FIND("]",_xlpm.filepath)+1,3))} -> 015 | E48: 24 | F48: ="DO"&E48&"+" -> DO24+ | G48: X-DO 24 01 | H48: X-CB 009 01 | I48: 24a | L48: Grey | M48: 0.75mm² H05Z-K | N48: =D48&"/"&F48 -> 015/DO24+ | O48: X-SPDO | P48: 31 | Q48: DO1 | R48: 0
F49: ="DO"&E48&"-" -> DO24- | I49: 24b | L49: White | M49: 0.75mm² H05Z-K | N49: =D48&"/"&F49 -> 015/DO24- | O49: X-SPDO | P49: 32

Sheet 016_DO
A1: TAG | B1: DESCRIPTION | C1: SIGNAL TYPE | D1: CHASSIS &SLOT No | E1: Channel. No. | F1: Signal | G1: MODULE | H1: CONNECTION BOARD | I1: CB TERM. | J1: DEVICE LOCATION | K1: DEVICE TAG | L1: WIRE COLOUR | M1: WIRE TYPE | N1: WIRE NUMBER | O1: TERMINAL BLOCK | P1: TERM. No. | Q1: Loop Type | R1: REV.
A2: ="SPDO-"&D2&"/"&E2 -> SPDO-016/1 | B2: Wired Spare Output | C2: 24Vdc | D2: {=_xlfn.LET(_xlpm.filepath,CELL("filename",D2),MID(_xlpm.filepath,FIND("]",_xlpm.filepath)+1,3))} -> 016 | E2: 1 | F2: ="DO"&E2&"+" -> DO1+ | G2: X-DO 24 01 | H2: X-CB 009 01 | I2: 1a | L2: Grey | M2: 0.75mm² H05Z-K | N2: =D2&"/"&F2 -> 016/DO1+ | O2: X-SPDO | P2: 33 | Q2: DO1 | R2: 0
F3: ="DO"&E2&"-" -> DO1- | I3: 1b | L3: White | M3: 0.75mm² H05Z-K | N3: =D2&"/"&F3 -> 016/DO1- | O3: X-SPDO | P3: 34
A4: ="SPDO-"&D4&"/"&E4 -> SPDO-016/2 | B4: Wired Spare Output | C4: 24Vdc | D4: {=_xlfn.LET(_xlpm.filepath,CELL("filename",D4),MID(_xlpm.filepath,FIND("]",_xlpm.filepath)+1,3))} -> 016 | E4: 2 | F4: ="DO"&E4&"+" -> DO2+ | G4: X-DO 24 01 | H4: X-CB 009 01 | I4: 2a | L4: Grey | M4: 0.75mm² H05Z-K | N4: =D4&"/"&F4 -> 016/DO2+ | O4: X-SPDO | P4: 35 | Q4: DO1 | R4: 0
F5: ="DO"&E4&"-" -> DO2- | I5: 2b | L5: White | M5: 0.75mm² H05Z-K | N5: =D4&"/"&F5 -> 016/DO2- | O5: X-SPDO | P5: 36
A6: ="SPDO-"&D6&"/"&E6 -> SPDO-016/3 | B6: Wired Spare Output | C6: 24Vdc | D6: {=_xlfn.LET(_xlpm.filepath,CELL("filename",D6),MID(_xlpm.filepath,FIND("]",_xlpm.filepath)+1,3))} -> 016 | E6: 3 | F6: ="DO"&E6&"+" -> DO3+ | G6: X-DO 24 01 | H6: X-CB 009 01 | I6: 3a | L6: Grey | M6: 0.75mm² H05Z-K | N6: =D6&"/"&F6 -> 016/DO3+ | O6: X-SPDO | P6: 37 | Q6: DO1 | R6: 0
F7: ="DO"&E6&"-" -> DO3- | I7: 3b | L7: White | M7: 0.75mm² H05Z-K | N7: =D6&"/"&F7 -> 016/DO3- | O7: X-SPDO | P7: 38
A8: B10E-PS-BOBI-01:B | B8: Beam Off Button Indicator 01 -B | C8: 24Vdc | D8: {=_xlfn.LET(_xlpm.filepath,CELL("filename",D8),MID(_xlpm.filepath,FIND("]",_xlpm.filepath)+1,3))} -> 016 | E8: 4 | F8: ="DO"&E8&"+" -> DO4+ | G8: X-DO 24 01 | H8: X-CB 009 01 | I8: 4a | J8: HUTCH | K8: B10E-PS-BOBI-01 | L8: Grey | M8: 0.75mm² H05Z-K | N8: =D8&"/"&F8 -> 016/DO4+ | O8: X-BOBI | P8: 3 | Q8: DO1 | R8: 0
F9: ="DO"&E8&"-" -> DO4- | I9: 4b | L9: White | M9: 0.75mm² H05Z-K | N9: =D8&"/"&F9 -> 016/DO4- | O9: X-BOBI | P9: 4
A10: B10E-PS-BOBI-02:B | B10: Beam Off Button Indicator 02 -B | C10: 24Vdc | D10: {=_xlfn.LET(_xlpm.filepath,CELL("filename",D10),MID(_xlpm.filepath,FIND("]",_xlpm.filepath)+1,3))} -> 016 | E10: 5 | F10: ="DO"&E10&"+" -> DO5+ | G10: X-DO 24 01 | H10: X-CB 009 01 | I10: 5a | J10: HUTCH | K10: B10E-PS-BOBI-02 | L10: Grey | M10: 0.75mm² H05Z-K | N10: =D10&"/"&F10 -> 016/DO5+ | O10: X-BOBI | P10: 7 | Q10: DO1 | R10: 0
F11: ="DO"&E10&"-" -> DO5- | I11: 5b | L11: White | M11: 0.75mm² H05Z-K | N11: =D10&"/"&F11 -> 016/DO5- | O11: X-BOBI | P11: 8
A12: B10E-PS-BOBI-03:B | B12: Beam Off Button Indicator 03 -B | C12: 24Vdc | D12: {=_xlfn.LET(_xlpm.filepath,CELL("filename",D12),MID(_xlpm.filepath,FIND("]",_xlpm.filepath)+1,3))} -> 016 | E12: 6 | F12: ="DO"&E12&"+" -> DO6+ | G12: X-DO 24 01 | H12: X-CB 009 01 | I12: 6a | J12: HUTCH | K12: B10E-PS-BOBI-03 | L12: Grey | M12: 0.75mm² H05Z-K | N12: =D12&"/"&F12 -> 016/DO6+ | O12: X-BOBI | P12: 11 | Q12: DO1 | R12: 0
F13: ="DO"&E12&"-" -> DO6- | I13: 6b | L13: White | M13: 0.75mm² H05Z-K | N13: =D12&"/"&F13 -> 016/DO6- | O13: X-BOBI | P13: 12
A14: B10E-PS-BOBI-04:B | B14: Beam Off Button Indicator 04 -B | C14: 24Vdc | D14: {=_xlfn.LET(_xlpm.filepath,CELL("filename",D14),MID(_xlpm.filepath,FIND("]",_xlpm.filepath)+1,3))} -> 016 | E14: 7 | F14: ="DO"&E14&"+" -> DO7+ | G14: X-DO 24 01 | H14: X-CB 009 01 | I14: 7a | J14: HUTCH | K14: B10E-PS-BOBI-04 | L14: Grey | M14: 0.75mm² H05Z-K | N14: =D14&"/"&F14 -> 016/DO7+ | O14: X-BOBI | P14: 15 | Q14: DO1 | R14: 0
F15: ="DO"&E14&"-" -> DO7- | I15: 7b | L15: White | M15: 0.75mm² H05Z-K | N15: =D14&"/"&F15 -> 016/DO7- | O15: X-BOBI | P15: 16
A16: B10E-PS-BOBI-05:B | B16: Beam Off Button Indicator 05 -B | C16: 24Vdc | D16: {=_xlfn.LET(_xlpm.filepath,CELL("filename",D16),MID(_xlpm.filepath,FIND("]",_xlpm.filepath)+1,3))} -> 016 | E16: 8 | F16: ="DO"&E16&"+" -> DO8+ | G16: X-DO 24 01 | H16: X-CB 009 01 | I16: 8a | J16: HUTCH | K16: B10E-PS-BOBI-05 | L16: Grey | M16: 0.75mm² H05Z-K | N16: =D16&"/"&F16 -> 016/DO8+ | O16: X-BOBI | P16: 19 | Q16: DO1 | R16: 0
F17: ="DO"&E16&"-" -> DO8- | I17: 8b | L17: White | M17: 0.75mm² H05Z-K | N17: =D16&"/"&F17 -> 016/DO8- | O17: X-BOBI | P17: 20
A18: B10E-PS-BONI-01:B | B18: Beam On Indicator 01 -B | C18: 24Vdc | D18: {=_xlfn.LET(_xlpm.filepath,CELL("filename",D18),MID(_xlpm.filepath,FIND("]",_xlpm.filepath)+1,3))} -> 016 | E18: 9 | F18: ="DO"&E18&"+" -> DO9+ | G18: X-DO 24 01 | H18: X-CB 009 01 | I18: 9a | J18: HUTCH | K18: B10E-PS-BONI-01 | L18: Grey | M18: 0.75mm² H05Z-K | N18: =D18&"/"&F18 -> 016/DO9+ | O18: X-BOBI | P18: 23 | Q18: DO1 | R18: 0
F19: ="DO"&E18&"-" -> DO9- | I19: 9b | L19: White | M19: 0.75mm² H05Z-K | N19: =D18&"/"&F19 -> 016/DO9- | O19: X-BOBI | P19: 24
A20: B10E-PS-CON-01:EN | B20: Power Contactor 01 | C20: 24Vdc | D20: {=_xlfn.LET(_xlpm.filepath,CELL("filename",D20),MID(_xlpm.filepath,FIND("]",_xlpm.filepath)+1,3))} -> 016 | E20: 10 | F20: ="DO"&E20&"+" -> DO10+ | G20: X-DO 24 01 | H20: X-CB 009 01 | I20: 10a | J20: ELECTRON SOURCE | K20: B10E-PS-CON-01 | L20: Grey | M20: 0.75mm² H05Z-K | N20: =D20&"/"&F20 -> 016/DO10+ | O20: X-INTF07 | P20: 1 | Q20: DO1 | R20: 0
F21: ="DO"&E20&"-" -> DO10- | I21: 10b | L21: White | M21: 0.75mm² H05Z-K | N21: =D20&"/"&F21 -> 016/DO10- | O21: X-INTF07 | P21: 2
A22: B10E-PS-CON-02:EN | B22: Power Contactor 02 | C22: 24Vdc | D22: {=_xlfn.LET(_xlpm.filepath,CELL("filename",D22),MID(_xlpm.filepath,FIND("]",_xlpm.filepath)+1,3))} -> 016 | E22: 11 | F22: ="DO"&E22&"+" -> DO11+ | G22: X-DO 24 01 | H22: X-CB 009 01 | I22: 11a | J22: ELECTRON SOURCE | K22: B10E-PS-CON-02 | L22: Grey | M22: 0.75mm² H05Z-K | N22: =D22&"/"&F22 -> 016/DO11+ | O22: X-INTF07 | P22: 5 | Q22: DO1 | R22: 0
F23: ="DO"&E22&"-" -> DO11- | I23: 11b | L23: White | M23: 0.75mm² H05Z-K | N23: =D22&"/"&F23 -> 016/DO11- | O23: X-INTF07 | P23: 6
A24: B10E-PS-CON-03:EN | B24: Power Contactor 03 | C24: 24Vdc | D24: {=_xlfn.LET(_xlpm.filepath,CELL("filename",D24),MID(_xlpm.filepath,FIND("]",_xlpm.filepath)+1,3))} -> 016 | E24: 12 | F24: ="DO"&E24&"+" -> DO12+ | G24: X-DO 24 01 | H24: X-CB 009 01 | I24: 12a | J24: ELECTRON SOURCE | K24: B10E-PS-CON-03 | L24: Grey | M24: 0.75mm² H05Z-K | N24: =D24&"/"&F24 -> 016/DO12+ | O24: X-INTF07 | P24: 9 | Q24: DO1 | R24: 0
F25: ="DO"&E24&"-" -> DO12- | I25: 12b | L25: White | M25: 0.75mm² H05Z-K | N25: =D24&"/"&F25 -> 016/DO12- | O25: X-INTF07 | P25: 10
A26: B10E-PS-CON-04:EN | B26: Power Contactor 04 | C26: 24Vdc | D26: {=_xlfn.LET(_xlpm.filepath,CELL("filename",D26),MID(_xlpm.filepath,FIND("]",_xlpm.filepath)+1,3))} -> 016 | E26: 13 | F26: ="DO"&E26&"+" -> DO13+ | G26: X-DO 24 01 | H26: X-CB 009 01 | I26: 13a | J26: ELECTRON SOURCE | K26: B10E-PS-CON-04 | L26: Grey | M26: 0.75mm² H05Z-K | N26: =D26&"/"&F26 -> 016/DO13+ | O26: X-INTF07 | P26: 13 | Q26: DO1 | R26: 0
F27: ="DO"&E26&"-" -> DO13- | I27: 13b | L27: White | M27: 0.75mm² H05Z-K | N27: =D26&"/"&F27 -> 016/DO13- | O27: X-INTF07 | P27: 14
A28: B10E-PS-CON-05:EN | B28: Power Contactor 05 | C28: 24Vdc | D28: {=_xlfn.LET(_xlpm.filepath,CELL("filename",D28),MID(_xlpm.filepath,FIND("]",_xlpm.filepath)+1,3))} -> 016 | E28: 14 | F28: ="DO"&E28&"+" -> DO14+ | G28: X-DO 24 01 | H28: X-CB 009 01 | I28: 14a | J28: ELECTRON SOURCE | K28: B10E-PS-CON-05 | L28: Grey | M28: 0.75mm² H05Z-K | N28: =D28&"/"&F28 -> 016/DO14+ | O28: X-INTF07 | P28: 17 | Q28: DO1 | R28: 0
F29: ="DO"&E28&"-" -> DO14- | I29: 14b | L29: White | M29: 0.75mm² H05Z-K | N29: =D28&"/"&F29 -> 016/DO14- | O29: X-INTF07 | P29: 18
A30: B10E-PS-SOL-01 | B30: Lock General Access Door Switch 1 | C30: 24Vdc | D30: {=_xlfn.LET(_xlpm.filepath,CELL("filename",D30),MID(_xlpm.filepath,FIND("]",_xlpm.filepath)+1,3))} -> 016 | E30: 15 | F30: ="DO"&E30&"+" -> DO15+ | G30: X-DO 24 01 | H30: X-CB 009 01 | I30: 15a | J30: EXTERNAL | K30: B10E-PS-DS-01 | L30: Grey | M30: 0.75mm² H05Z-K | N30: =D30&"/"&F30 -> 016/DO15+ | O30: X-DS01 | P30: 7 | Q30: DO1 | R30: 0
F31: ="DO"&E30&"-" -> DO15- | I31: 15b | L31: White | M31: 0.75mm² H05Z-K | N31: =D30&"/"&F31 -> 016/DO15- | O31: X-DS01 | P31: 8
A32: B10E-PS-SOL-02 | B32: Lock General Access Door Switch 2 | C32: 24Vdc | D32: {=_xlfn.LET(_xlpm.filepath,CELL("filename",D32),MID(_xlpm.filepath,FIND("]",_xlpm.filepath)+1,3))} -> 016 | E32: 16 | F32: ="DO"&E32&"+" -> DO16+ | G32: X-DO 24 01 | H32: X-CB 009 01 | I32: 16a | J32: EXTERNAL | K32: B10E-PS-DS-02 | L32: Grey | M32: 0.75mm² H05Z-K | N32: =D32&"/"&F32 -> 016/DO16+ | O32: X-DS02 | P32: 7 | Q32: DO1 | R32: 0
F33: ="DO"&E32&"-" -> DO16- | I33: 16b | L33: White | M33: 0.75mm² H05Z-K | N33: =D32&"/"&F33 -> 016/DO16- | O33: X-DS02 | P33: 8
A34: B10E-PS-SOL-03 | B34: Lock General Access Gate Switch 1 | C34: 24Vdc | D34: {=_xlfn.LET(_xlpm.filepath,CELL("filename",D34),MID(_xlpm.filepath,FIND("]",_xlpm.filepath)+1,3))} -> 016 | E34: 17 | F34: ="DO"&E34&"+" -> DO17+ | G34: X-DO 24 01 | H34: X-CB 009 01 | I34: 17a | J34: EXTERNAL | K34: B10E-PS-DS-04 | L34: Grey | M34: 0.75mm² H05Z-K | N34: =D34&"/"&F34 -> 016/DO17+ | O34: X-DS04 | P34: 7 | Q34: DO1 | R34: 0
F35: ="DO"&E34&"-" -> DO17- | I35: 17b | L35: White | M35: 0.75mm² H05Z-K | N35: =D34&"/"&F35 -> 016/DO17- | O35: X-DS04 | P35: 8
A36: B10E-PS-SOL-04 | B36: Lock General Access Gate Switch 2 | C36: 24Vdc | D36: {=_xlfn.LET(_xlpm.filepath,CELL("filename",D36),MID(_xlpm.filepath,FIND("]",_xlpm.filepath)+1,3))} -> 016 | E36: 18 | F36: ="DO"&E36&"+" -> DO18+ | G36: X-DO 24 01 | H36: X-CB 009 01 | I36: 18a | J36: EXTERNAL | K36: B10E-PS-DS-05 | L36: Grey | M36: 0.75mm² H05Z-K | N36: =D36&"/"&F36 -> 016/DO18+ | O36: X-DS05 | P36: 7 | Q36: DO1 | R36: 0
F37: ="DO"&E36&"-" -> DO18- | I37: 18b | L37: White | M37: 0.75mm² H05Z-K | N37: =D36&"/"&F37 -> 016/DO18- | O37: X-DS05 | P37: 8
A38: B10E-PS-SOL-05 | B38: Lock Service Access Door Switch 1 | C38: 24Vdc | D38: {=_xlfn.LET(_xlpm.filepath,CELL("filename",D38),MID(_xlpm.filepath,FIND("]",_xlpm.filepath)+1,3))} -> 016 | E38: 19 | F38: ="DO"&E38&"+" -> DO19+ | G38: X-DO 24 01 | H38: X-CB 009 01 | I38: 19a | J38: EXTERNAL | K38: B10E-PS-DS-07 | L38: Grey | M38: 0.75mm² H05Z-K | N38: =D38&"/"&F38 -> 016/DO19+ | O38: X-DS07 | P38: 7 | Q38: DO1 | R38: 0
F39: ="DO"&E38&"-" -> DO19- | I39: 19b | L39: White | M39: 0.75mm² H05Z-K | N39: =D38&"/"&F39 -> 016/DO19- | O39: X-DS07 | P39: 8
A40: B10E-PS-SOL-06 | B40: Lock Service Access Door Switch 2 | C40: 24Vdc | D40: {=_xlfn.LET(_xlpm.filepath,CELL("filename",D40),MID(_xlpm.filepath,FIND("]",_xlpm.filepath)+1,3))} -> 016 | E40: 20 | F40: ="DO"&E40&"+" -> DO20+ | G40: X-DO 24 01 | H40: X-CB 009 01 | I40: 20a | J40: EXTERNAL | K40: B10E-PS-DS-08 | L40: Grey | M40: 0.75mm² H05Z-K | N40: =D40&"/"&F40 -> 016/DO20+ | O40: X-DS08 | P40: 7 | Q40: DO1 | R40: 0
F41: ="DO"&E40&"-" -> DO20- | I41: 20b | L41: White | M41: 0.75mm² H05Z-K | N41: =D40&"/"&F41 -> 016/DO20- | O41: X-DS08 | P41: 8
A42: ="SPDO-"&D42&"/"&E42 -> SPDO-016/21 | B42: Wired Spare Output | C42: 24Vdc | D42: {=_xlfn.LET(_xlpm.filepath,CELL("filename",D42),MID(_xlpm.filepath,FIND("]",_xlpm.filepath)+1,3))} -> 016 | E42: 21 | F42: ="DO"&E42&"+" -> DO21+ | G42: X-DO 24 01 | H42: X-CB 009 01 | I42: 21a | L42: Grey | M42: 0.75mm² H05Z-K | N42: =D42&"/"&F42 -> 016/DO21+ | O42: X-SPDO | P42: 39 | Q42: DO1 | R42: 0
F43: ="DO"&E42&"-" -> DO21- | I43: 21b | L43: White | M43: 0.75mm² H05Z-K | N43: =D42&"/"&F43 -> 016/DO21- | O43: X-SPDO | P43: 40
A44: ="SPDO-"&D44&"/"&E44 -> SPDO-016/22 | B44: Wired Spare Output | C44: 24Vdc | D44: {=_xlfn.LET(_xlpm.filepath,CELL("filename",D44),MID(_xlpm.filepath,FIND("]",_xlpm.filepath)+1,3))} -> 016 | E44: 22 | F44: ="DO"&E44&"+" -> DO22+ | G44: X-DO 24 01 | H44: X-CB 009 01 | I44: 22a | L44: Grey | M44: 0.75mm² H05Z-K | N44: =D44&"/"&F44 -> 016/DO22+ | O44: X-SPDO | P44: 41 | Q44: DO1 | R44: 0
F45: ="DO"&E44&"-" -> DO22- | I45: 22b | L45: White | M45: 0.75mm² H05Z-K | N45: =D44&"/"&F45 -> 016/DO22- | O45: X-SPDO | P45: 42
A46: ="SPDO-"&D46&"/"&E46 -> SPDO-016/23 | B46: Wired Spare Output | C46: 24Vdc | D46: {=_xlfn.LET(_xlpm.filepath,CELL("filename",D46),MID(_xlpm.filepath,FIND("]",_xlpm.filepath)+1,3))} -> 016 | E46: 23 | F46: ="DO"&E46&"+" -> DO23+ | G46: X-DO 24 01 | H46: X-CB 009 01 | I46: 23a | L46: Grey | M46: 0.75mm² H05Z-K | N46: =D46&"/"&F46 -> 016/DO23+ | O46: X-SPDO | P46: 43 | Q46: DO1 | R46: 0
F47: ="DO"&E46&"-" -> DO23- | I47: 23b | L47: White | M47: 0.75mm² H05Z-K | N47: =D46&"/"&F47 -> 016/DO23- | O47: X-SPDO | P47: 44
A48: SPDO-016/24 | B48: Wired Spare Output | C48: 24Vdc | D48: {=_xlfn.LET(_xlpm.filepath,CELL("filename",D48),MID(_xlpm.filepath,FIND("]",_xlpm.filepath)+1,3))} -> 016 | E48: 24 | F48: ="DO"&E48&"+" -> DO24+ | G48: X-DO 24 01 | H48: X-CB 009 01 | I48: 24a | L48: Grey | M48: 0.75mm² H05Z-K | N48: =D48&"/"&F48 -> 016/DO24+ | O48: X-SPDO | P48: 45 | Q48: DO1 | R48: 0
F49: ="DO"&E48&"-" -> DO24- | I49: 24b | L49: White | M49: 0.75mm² H05Z-K | N49: =D48&"/"&F49 -> 016/DO24- | O49: X-SPDO | P49: 46

Sheet OVERVIEW
A1: Beamline | B1: B10E | C1: HeXI | J1: SUMMARY: | K1: AI | L1: AO | M1: DI | N1: DO | O1: BUS | P1: CPU | Q1: COM | R1: SPR
J2: TOTAL MODULES: | K2: =COUNTIF($E$7:$E$46,K1) -> 1 | L2: =COUNTIF($E$7:$E$46,L1) -> 0 | M2: =COUNTIF($E$7:$E$46,M1) -> 3 | N2: =COUNTIF($E$7:$E$46,N1) -> 4 | O2: =COUNTIF($E$7:$E$46,O1) -> 0 | P2: =COUNTIF($E$7:$E$46,P1) -> 2 | Q2: =COUNTIF($E$7:$E$46,Q1) -> 2 | R2: =COUNTIF($E$7:$E$46,R1) -> 6
J3: TOTAL IO: | K3: =SUMIF($E$9:$E$46,K1,$F$9:$F$46) -> 32 | L3: =SUMIF($E$9:$E$46,L1,$F$9:$F$46) -> 0 | M3: =SUMIF($E$9:$E$46,M1,$F$9:$F$46) -> 96 | N3: =SUMIF($E$9:$E$46,N1,$F$9:$F$46) -> 96 | O3: =SUMIF($E$9:$E$46,O1,$F$9:$F$46) -> 0 | P3: =SUMIF($E$9:$E$46,P1,$F$9:$F$46) -> 0 | Q3: =SUMIF($E$9:$E$46,Q1,$F$9:$F$46) -> 0 | R3: =SUMIF($E$9:$E$46,R1,$F$9:$F$46) -> 0
J4: TOTAL USED: | K4: =SUM(K9:K46) -> 19 | L4: =SUM(L9:L46) -> 0 | M4: =SUM(M9:M46) -> 66 | N4: =SUM(N9:N46) -> 96
J5: TOTAL SPARE | K5: =K3-K4 -> 13 | L5: =L3-L4 -> 0 | M5: =M3-M4 -> 30 | N5: =N3-N4 -> 0
J6: % SPARE | K6: =IF(SUM(K2:K5)=0,"",K5/K3) -> 0.40625 | L6: =IF(SUM(L2:L5)=0,"",L5/L3) | M6: =IF(SUM(M2:M5)=0,"",M5/M3) -> 0.3125 | N6: =IF(SUM(N2:N5)=0,"",N5/N3) -> 0
A7: Chassis | B7: 0
B8: SLOT | C8: MODULE | D8: Description | E8: TYPE | F8: Channels | G8: Chassis & Slot | I8: SHEET NAME
B9: 1 | C9: X-CPU_31 | D9: =_xlfn.XLOOKUP($C9,DATA!$A:$A,DATA!$B:$B,"",0,1) -> Processor 31 | E9: =_xlfn.XLOOKUP($C9,DATA!$A:$A,DATA!C:C,"",0,1) -> CPU | F9: =_xlfn.XLOOKUP($C9,DATA!$A:$A,DATA!D:D,"",0,1) -> 0 | G9: =$B$7&TEXT(B9,"00") -> 001 | I9: =IF(F9=0,"",$G9&"_"&$E9) | K9: =IF(RIGHT($I9,2)=K$1,COUNTA(INDIRECT("'"&$I9&"'!B2:B65")),"") | L9: =IF(RIGHT($I9,2)=L$1,COUNTA(INDIRECT("'"&$I9&"'!B2:B65")),"") | M9: =IF(RIGHT($I9,2)=M$1,COUNTA(INDIRECT("'"&$I9&"'!B2:B65")),"") | N9: =IF(RIGHT($I9,2)=N$1,COUNTA(INDIRECT("'"&$I9&"'!B2:B65")),"")
B10: 2 | C10: X-CPU_31 | D10: =_xlfn.XLOOKUP($C10,DATA!$A:$A,DATA!$B:$B,"",0,1) -> Processor 31 | E10: =_xlfn.XLOOKUP($C10,DATA!$A:$A,DATA!C:C,"",0,1) -> CPU | F10: =_xlfn.XLOOKUP($C10,DATA!$A:$A,DATA!D:D,"",0,1) -> 0 | G10: =$B$7&TEXT(B10,"00") -> 002 | I10: =IF(F10=0,"",$G10&"_"&$E10) | K10: =IF(RIGHT($I10,2)=K$1,COUNTA(INDIRECT("'"&$I10&"'!B2:B65")),"") | L10: =IF(RIGHT($I10,2)=L$1,COUNTA(INDIRECT("'"&$I10&"'!B2:B65")),"") | M10: =IF(RIGHT($I10,2)=M$1,COUNTA(INDIRECT("'"&$I10&"'!B2:B65")),"") | N10: =IF(RIGHT($I10,2)=N$1,COUNTA(INDIRECT("'"&$I10&"'!B2:B65")),"")
B11: 3 | C11: X-COM_01 | D11: =_xlfn.XLOOKUP($C11,DATA!$A:$A,DATA!$B:$B,"",0,1) -> Communications | E11: =_xlfn.XLOOKUP($C11,DATA!$A:$A,DATA!C:C,"",0,1) -> COM | F11: =_xlfn.XLOOKUP($C11,DATA!$A:$A,DATA!D:D,"",0,1) -> 0 | G11: =$B$7&TEXT(B11,"00") -> 003 | I11: =IF(F11=0,"",$G11&"_"&$E11) | K11: =IF(RIGHT($I11,2)=K$1,COUNTA(INDIRECT("'"&$I11&"'!B2:B65")),"") | L11: =IF(RIGHT($I11,2)=L$1,COUNTA(INDIRECT("'"&$I11&"'!B2:B65")),"") | M11: =IF(RIGHT($I11,2)=M$1,COUNTA(INDIRECT("'"&$I11&"'!B2:B65")),"") | N11: =IF(RIGHT($I11,2)=N$1,COUNTA(INDIRECT("'"&$I11&"'!B2:B65")),"")
B12: 4 | C12: X-COM_01 | D12: =_xlfn.XLOOKUP($C12,DATA!$A:$A,DATA!$B:$B,"",0,1) -> Communications | E12: =_xlfn.XLOOKUP($C12,DATA!$A:$A,DATA!C:C,"",0,1) -> COM | F12: =_xlfn.XLOOKUP($C12,DATA!$A:$A,DATA!D:D,"",0,1) -> 0 | G12: =$B$7&TEXT(B12,"00") -> 004 | I12: =IF(F12=0,"",$G12&"_"&$E12) | K12: =IF(RIGHT($I12,2)=K$1,COUNTA(INDIRECT("'"&$I12&"'!B2:B65")),"") | L12: =IF(RIGHT($I12,2)=L$1,COUNTA(INDIRECT("'"&$I12&"'!B2:B65")),"") | M12: =IF(RIGHT($I12,2)=M$1,COUNTA(INDIRECT("'"&$I12&"'!B2:B65")),"") | N12: =IF(RIGHT($I12,2)=N$1,COUNTA(INDIRECT("'"&$I12&"'!B2:B65")),"")
B13: 5 | C13: X-AI_32_02 | D13: =_xlfn.XLOOKUP($C13,DATA!$A:$A,DATA!$B:$B,"",0,1) -> Analogue Input 32 Channels | E13: =_xlfn.XLOOKUP($C13,DATA!$A:$A,DATA!C:C,"",0,1) -> AI | F13: =_xlfn.XLOOKUP($C13,DATA!$A:$A,DATA!D:D,"",0,1) -> 32 | G13: =$B$7&TEXT(B13,"00") -> 005 | I13: =IF(F13=0,"",$G13&"_"&$E13) -> 005_AI | K13: =IF(RIGHT($I13,2)=K$1,COUNTA(INDIRECT("'"&$I13&"'!B2:B65")),"") -> 19 | L13: =IF(RIGHT($I13,2)=L$1,COUNTA(INDIRECT("'"&$I13&"'!B2:B65")),"") | M13: =IF(RIGHT($I13,2)=M$1,COUNTA(INDIRECT("'"&$I13&"'!B2:B65")),"") | N13: =IF(RIGHT($I13,2)=N$1,COUNTA(INDIRECT("'"&$I13&"'!B2:B65")),"")
B14: 6 | C14: X-DI_32_05 | D14: =_xlfn.XLOOKUP($C14,DATA!$A:$A,DATA!$B:$B,"",0,1) -> Digital Input 32 Channels | E14: =_xlfn.XLOOKUP($C14,DATA!$A:$A,DATA!C:C,"",0,1) -> DI | F14: =_xlfn.XLOOKUP($C14,DATA!$A:$A,DATA!D:D,"",0,1) -> 32 | G14: =$B$7&TEXT(B14,"00") -> 006 | I14: =IF(F14=0,"",$G14&"_"&$E14) -> 006_DI | K14: =IF(RIGHT($I14,2)=K$1,COUNTA(INDIRECT("'"&$I14&"'!B2:B65")),"") | L14: =IF(RIGHT($I14,2)=L$1,COUNTA(INDIRECT("'"&$I14&"'!B2:B65")),"") | M14: =IF(RIGHT($I14,2)=M$1,COUNTA(INDIRECT("'"&$I14&"'!B2:B65")),"") -> 1 | N14: =IF(RIGHT($I14,2)=N$1,COUNTA(INDIRECT("'"&$I14&"'!B2:B65")),"")
B15: 7 | C15: X-DI_32_05 | D15: =_xlfn.XLOOKUP($C15,DATA!$A:$A,DATA!$B:$B,"",0,1) -> Digital Input 32 Channels | E15: =_xlfn.XLOOKUP($C15,DATA!$A:$A,DATA!C:C,"",0,1) -> DI | F15: =_xlfn.XLOOKUP($C15,DATA!$A:$A,DATA!D:D,"",0,1) -> 32 | G15: =$B$7&TEXT(B15,"00") -> 007 | I15: =IF(F15=0,"",$G15&"_"&$E15) -> 007_DI | K15: =IF(RIGHT($I15,2)=K$1,COUNTA(INDIRECT("'"&$I15&"'!B2:B65")),"") | L15: =IF(RIGHT($I15,2)=L$1,COUNTA(INDIRECT("'"&$I15&"'!B2:B65")),"") | M15: =IF(RIGHT($I15,2)=M$1,COUNTA(INDIRECT("'"&$I15&"'!B2:B65")),"") -> 32 | N15: =IF(RIGHT($I15,2)=N$1,COUNTA(INDIRECT("'"&$I15&"'!B2:B65")),"")
B16: 8 | C16: X-DI_32_05 | D16: =_xlfn.XLOOKUP($C16,DATA!$A:$A,DATA!$B:$B,"",0,1) -> Digital Input 32 Channels | E16: =_xlfn.XLOOKUP($C16,DATA!$A:$A,DATA!C:C,"",0,1) -> DI | F16: =_xlfn.XLOOKUP($C16,DATA!$A:$A,DATA!D:D,"",0,1) -> 32 | G16: =$B$7&TEXT(B16,"00") -> 008 | I16: =IF(F16=0,"",$G16&"_"&$E16) -> 008_DI | K16: =IF(RIGHT($I16,2)=K$1,COUNTA(INDIRECT("'"&$I16&"'!B2:B65")),"") | L16: =IF(RIGHT($I16,2)=L$1,COUNTA(INDIRECT("'"&$I16&"'!B2:B65")),"") | M16: =IF(RIGHT($I16,2)=M$1,COUNTA(INDIRECT("'"&$I16&"'!B2:B65")),"") -> 33 | N16: =IF(RIGHT($I16,2)=N$1,COUNTA(INDIRECT("'"&$I16&"'!B2:B65")),"")
B17: 9 | C17: X-SPARE | D17: =_xlfn.XLOOKUP($C17,DATA!$A:$A,DATA!$B:$B,"",0,1) -> Spare Slot | E17: =_xlfn.XLOOKUP($C17,DATA!$A:$A,DATA!C:C,"",0,1) -> SPR | F17: =_xlfn.XLOOKUP($C17,DATA!$A:$A,DATA!D:D,"",0,1) -> 0 | G17: =$B$7&TEXT(B17,"00") -> 009 | I17: =IF(F17=0,"",$G17&"_"&$E17) | K17: =IF(RIGHT($I17,2)=K$1,COUNTA(INDIRECT("'"&$I17&"'!B2:B65")),"") | L17: =IF(RIGHT($I17,2)=L$1,COUNTA(INDIRECT("'"&$I17&"'!B2:B65")),"") | M17: =IF(RIGHT($I17,2)=M$1,COUNTA(INDIRECT("'"&$I17&"'!B2:B65")),"") | N17: =IF(RIGHT($I17,2)=N$1,COUNTA(INDIRECT("'"&$I17&"'!B2:B65")),"")
B18: 10 | C18: X-SPARE | D18: =_xlfn.XLOOKUP($C18,DATA!$A:$A,DATA!$B:$B,"",0,1) -> Spare Slot | E18: =_xlfn.XLOOKUP($C18,DATA!$A:$A,DATA!C:C,"",0,1) -> SPR | F18: =_xlfn.XLOOKUP($C18,DATA!$A:$A,DATA!D:D,"",0,1) -> 0 | G18: =$B$7&TEXT(B18,"00") -> 010 | I18: =IF(F18=0,"",$G18&"_"&$E18) | K18: =IF(RIGHT($I18,2)=K$1,COUNTA(INDIRECT("'"&$I18&"'!B2:B65")),"") | L18: =IF(RIGHT($I18,2)=L$1,COUNTA(INDIRECT("'"&$I18&"'!B2:B65")),"") | M18: =IF(RIGHT($I18,2)=M$1,COUNTA(INDIRECT("'"&$I18&"'!B2:B65")),"") | N18: =IF(RIGHT($I18,2)=N$1,COUNTA(INDIRECT("'"&$I18&"'!B2:B65")),"")
B19: 11 | C19: X-SPARE | D19: =_xlfn.XLOOKUP($C19,DATA!$A:$A,DATA!$B:$B,"",0,1) -> Spare Slot | E19: =_xlfn.XLOOKUP($C19,DATA!$A:$A,DATA!C:C,"",0,1) -> SPR | F19: =_xlfn.XLOOKUP($C19,DATA!$A:$A,DATA!D:D,"",0,1) -> 0 | G19: =$B$7&TEXT(B19,"00") -> 011 | I19: =IF(F19=0,"",$G19&"_"&$E19) | K19: =IF(RIGHT($I19,2)=K$1,COUNTA(INDIRECT("'"&$I19&"'!B2:B65")),"") | L19: =IF(RIGHT($I19,2)=L$1,COUNTA(INDIRECT("'"&$I19&"'!B2:B65")),"") | M19: =IF(RIGHT($I19,2)=M$1,COUNTA(INDIRECT("'"&$I19&"'!B2:B65")),"") | N19: =IF(RIGHT($I19,2)=N$1,COUNTA(INDIRECT("'"&$I19&"'!B2:B65")),"")
B20: 12 | C20: X-SPARE | D20: =_xlfn.XLOOKUP($C20,DATA!$A:$A,DATA!$B:$B,"",0,1) -> Spare Slot | E20: =_xlfn.XLOOKUP($C20,DATA!$A:$A,DATA!C:C,"",0,1) -> SPR | F20: =_xlfn.XLOOKUP($C20,DATA!$A:$A,DATA!D:D,"",0,1) -> 0 | G20: =$B$7&TEXT(B20,"00") -> 012 | I20: =IF(F20=0,"",$G20&"_"&$E20) | K20: =IF(RIGHT($I20,2)=K$1,COUNTA(INDIRECT("'"&$I20&"'!B2:B65")),"") | L20: =IF(RIGHT($I20,2)=L$1,COUNTA(INDIRECT("'"&$I20&"'!B2:B65")),"") | M20: =IF(RIGHT($I20,2)=M$1,COUNTA(INDIRECT("'"&$I20&"'!B2:B65")),"") | N20: =IF(RIGHT($I20,2)=N$1,COUNTA(INDIRECT("'"&$I20&"'!B2:B65")),"")
... B26: 18 | C26: X-SPARE | D26: =_xlfn.XLOOKUP($C26,DATA!$A:$A,DATA!$B:$B,"",0,1) -> Spare Slot | E26: =_xlfn.XLOOKUP($C26,DATA!$A:$A,DATA!C:C,"",0,1) -> SPR | F26: =_xlfn.XLOOKUP($C26,DATA!$A:$A,DATA!D:D,"",0,1) -> 0 | G26: =$B$7&TEXT(B26,"00") -> 018 | I26: =IF(F26=0,"",$G26&"_"&$E26) | K26: =IF(RIGHT($I26,2)=K$1,COUNTA(INDIRECT("'"&$I26&"'!B2:B65")),"") | L26: =IF(RIGHT($I26,2)=L$1,COUNTA(INDIRECT("'"&$I26&"'!B2:B65")),"") | M26: =IF(RIGHT($I26,2)=M$1,COUNTA(INDIRECT("'"&$I26&"'!B2:B65")),"") | N26: =IF(RIGHT($I26,2)=N$1,COUNTA(INDIRECT("'"&$I26&"'!B2:B65")),"")
A27: Chassis | B27: 1 | K27: =IF(RIGHT($I27,2)=K$1,COUNTA(INDIRECT("'"&$I27&"'!B2:B65")),"") | L27: =IF(RIGHT($I27,2)=L$1,COUNTA(INDIRECT("'"&$I27&"'!B2:B65")),"") | M27: =IF(RIGHT($I27,2)=M$1,COUNTA(INDIRECT("'"&$I27&"'!B2:B65")),"") | N27: =IF(RIGHT($I27,2)=N$1,COUNTA(INDIRECT("'"&$I27&"'!B2:B65")),"")
B28: SLOT | C28: MODULE | D28: Description | E28: TYPE | F28: Channels | G28: Chassis & Slot | K28: =IF(RIGHT($I28,2)=K$1,COUNTA(INDIRECT("'"&$I28&"'!B2:B65")),"") | L28: =IF(RIGHT($I28,2)=L$1,COUNTA(INDIRECT("'"&$I28&"'!B2:B65")),"") | M28: =IF(RIGHT($I28,2)=M$1,COUNTA(INDIRECT("'"&$I28&"'!B2:B65")),"") | N28: =IF(RIGHT($I28,2)=N$1,COUNTA(INDIRECT("'"&$I28&"'!B2:B65")),"")
B29: 1 | D29: =_xlfn.XLOOKUP($C29,DATA!$A:$A,DATA!$B:$B,"",0,1) -> 0 | E29: =_xlfn.XLOOKUP($C29,DATA!$A:$A,DATA!C:C,"",0,1) -> 0 | F29: =_xlfn.XLOOKUP($C29,DATA!$A:$A,DATA!D:D,"",0,1) -> 0 | G29: =$B$27&TEXT(B29,"00") -> 101 | I29: =IF(F29=0,"",$G29&"_"&$E29) | K29: =IF(RIGHT($I29,2)=K$1,COUNTA(INDIRECT("'"&$I29&"'!B2:B65")),"") | L29: =IF(RIGHT($I29,2)=L$1,COUNTA(INDIRECT("'"&$I29&"'!B2:B65")),"") | M29: =IF(RIGHT($I29,2)=M$1,COUNTA(INDIRECT("'"&$I29&"'!B2:B65")),"") | N29: =IF(RIGHT($I29,2)=N$1,COUNTA(INDIRECT("'"&$I29&"'!B2:B65")),"")
B30: 2 | D30: =_xlfn.XLOOKUP($C30,DATA!$A:$A,DATA!$B:$B,"",0,1) -> 0 | E30: =_xlfn.XLOOKUP($C30,DATA!$A:$A,DATA!C:C,"",0,1) -> 0 | F30: =_xlfn.XLOOKUP($C30,DATA!$A:$A,DATA!D:D,"",0,1) -> 0 | G30: =$B$27&TEXT(B30,"00") -> 102 | I30: =IF(F30=0,"",$G30&"_"&$E30) | K30: =IF(RIGHT($I30,2)=K$1,COUNTA(INDIRECT("'"&$I30&"'!B2:B65")),"") | L30: =IF(RIGHT($I30,2)=L$1,COUNTA(INDIRECT("'"&$I30&"'!B2:B65")),"") | M30: =IF(RIGHT($I30,2)=M$1,COUNTA(INDIRECT("'"&$I30&"'!B2:B65")),"") | N30: =IF(RIGHT($I30,2)=N$1,COUNTA(INDIRECT("'"&$I30&"'!B2:B65")),"")
B31: 3 | D31: =_xlfn.XLOOKUP($C31,DATA!$A:$A,DATA!$B:$B,"",0,1) -> 0 | E31: =_xlfn.XLOOKUP($C31,DATA!$A:$A,DATA!C:C,"",0,1) -> 0 | F31: =_xlfn.XLOOKUP($C31,DATA!$A:$A,DATA!D:D,"",0,1) -> 0 | G31: =$B$27&TEXT(B31,"00") -> 103 | I31: =IF(F31=0,"",$G31&"_"&$E31) | K31: =IF(RIGHT($I31,2)=K$1,COUNTA(INDIRECT("'"&$I31&"'!B2:B65")),"") | L31: =IF(RIGHT($I31,2)=L$1,COUNTA(INDIRECT("'"&$I31&"'!B2:B65")),"") | M31: =IF(RIGHT($I31,2)=M$1,COUNTA(INDIRECT("'"&$I31&"'!B2:B65")),"") | N31: =IF(RIGHT($I31,2)=N$1,COUNTA(INDIRECT("'"&$I31&"'!B2:B65")),"")
B32: 4 | D32: =_xlfn.XLOOKUP($C32,DATA!$A:$A,DATA!$B:$B,"",0,1) -> 0 | E32: =_xlfn.XLOOKUP($C32,DATA!$A:$A,DATA!C:C,"",0,1) -> 0 | F32: =_xlfn.XLOOKUP($C32,DATA!$A:$A,DATA!D:D,"",0,1) -> 0 | G32: =$B$27&TEXT(B32,"00") -> 104 | I32: =IF(F32=0,"",$G32&"_"&$E32) | K32: =IF(RIGHT($I32,2)=K$1,COUNTA(INDIRECT("'"&$I32&"'!B2:B65")),"") | L32: =IF(RIGHT($I32,2)=L$1,COUNTA(INDIRECT("'"&$I32&"'!B2:B65")),"") | M32: =IF(RIGHT($I32,2)=M$1,COUNTA(INDIRECT("'"&$I32&"'!B2:B65")),"") | N32: =IF(RIGHT($I32,2)=N$1,COUNTA(INDIRECT("'"&$I32&"'!B2:B65")),"")
B33: 5 | D33: =_xlfn.XLOOKUP($C33,DATA!$A:$A,DATA!$B:$B,"",0,1) -> 0 | E33: =_xlfn.XLOOKUP($C33,DATA!$A:$A,DATA!C:C,"",0,1) -> 0 | F33: =_xlfn.XLOOKUP($C33,DATA!$A:$A,DATA!D:D,"",0,1) -> 0 | G33: =$B$27&TEXT(B33,"00") -> 105 | I33: =IF(F33=0,"",$G33&"_"&$E33) | K33: =IF(RIGHT($I33,2)=K$1,COUNTA(INDIRECT("'"&$I33&"'!B2:B65")),"") | L33: =IF(RIGHT($I33,2)=L$1,COUNTA(INDIRECT("'"&$I33&"'!B2:B65")),"") | M33: =IF(RIGHT($I33,2)=M$1,COUNTA(INDIRECT("'"&$I33&"'!B2:B65")),"") | N33: =IF(RIGHT($I33,2)=N$1,COUNTA(INDIRECT("'"&$I33&"'!B2:B65")),"")
B34: 6 | D34: =_xlfn.XLOOKUP($C34,DATA!$A:$A,DATA!$B:$B,"",0,1) -> 0 | E34: =_xlfn.XLOOKUP($C34,DATA!$A:$A,DATA!C:C,"",0,1) -> 0 | F34: =_xlfn.XLOOKUP($C34,DATA!$A:$A,DATA!D:D,"",0,1) -> 0 | G34: =$B$27&TEXT(B34,"00") -> 106 | I34: =IF(F34=0,"",$G34&"_"&$E34) | K34: =IF(RIGHT($I34,2)=K$1,COUNTA(INDIRECT("'"&$I34&"'!B2:B65")),"") | L34: =IF(RIGHT($I34,2)=L$1,COUNTA(INDIRECT("'"&$I34&"'!B2:B65")),"") | M34: =IF(RIGHT($I34,2)=M$1,COUNTA(INDIRECT("'"&$I34&"'!B2:B65")),"") | N34: =IF(RIGHT($I34,2)=N$1,COUNTA(INDIRECT("'"&$I34&"'!B2:B65")),"")
B35: 7 | D35: =_xlfn.XLOOKUP($C35,DATA!$A:$A,DATA!$B:$B,"",0,1) -> 0 | E35: =_xlfn.XLOOKUP($C35,DATA!$A:$A,DATA!C:C,"",0,1) -> 0 | F35: =_xlfn.XLOOKUP($C35,DATA!$A:$A,DATA!D:D,"",0,1) -> 0 | G35: =$B$27&TEXT(B35,"00") -> 107 | I35: =IF(F35=0,"",$G35&"_"&$E35) | K35: =IF(RIGHT($I35,2)=K$1,COUNTA(INDIRECT("'"&$I35&"'!B2:B65")),"") | L35: =IF(RIGHT($I35,2)=L$1,COUNTA(INDIRECT("'"&$I35&"'!B2:B65")),"") | M35: =IF(RIGHT($I35,2)=M$1,COUNTA(INDIRECT("'"&$I35&"'!B2:B65")),"") | N35: =IF(RIGHT($I35,2)=N$1,COUNTA(INDIRECT("'"&$I35&"'!B2:B65")),"")
B36: 8 | D36: =_xlfn.XLOOKUP($C36,DATA!$A:$A,DATA!$B:$B,"",0,1) -> 0 | E36: =_xlfn.XLOOKUP($C36,DATA!$A:$A,DATA!C:C,"",0,1) -> 0 | F36: =_xlfn.XLOOKUP($C36,DATA!$A:$A,DATA!D:D,"",0,1) -> 0 | G36: =$B$27&TEXT(B36,"00") -> 108 | I36: =IF(F36=0,"",$G36&"_"&$E36) | K36: =IF(RIGHT($I36,2)=K$1,COUNTA(INDIRECT("'"&$I36&"'!B2:B65")),"") | L36: =IF(RIGHT($I36,2)=L$1,COUNTA(INDIRECT("'"&$I36&"'!B2:B65")),"") | M36: =IF(RIGHT($I36,2)=M$1,COUNTA(INDIRECT("'"&$I36&"'!B2:B65")),"") | N36: =IF(RIGHT($I36,2)=N$1,COUNTA(INDIRECT("'"&$I36&"'!B2:B65")),"")
B37: 9 | D37: =_xlfn.XLOOKUP($C37,DATA!$A:$A,DATA!$B:$B,"",0,1) -> 0 | E37: =_xlfn.XLOOKUP($C37,DATA!$A:$A,DATA!C:C,"",0,1) -> 0 | F37: =_xlfn.XLOOKUP($C37,DATA!$A:$A,DATA!D:D,"",0,1) -> 0 | G37: =$B$27&TEXT(B37,"00") -> 109 | I37: =IF(F37=0,"",$G37&"_"&$E37) | K37: =IF(RIGHT($I37,2)=K$1,COUNTA(INDIRECT("'"&$I37&"'!B2:B65")),"") | L37: =IF(RIGHT($I37,2)=L$1,COUNTA(INDIRECT("'"&$I37&"'!B2:B65")),"") | M37: =IF(RIGHT($I37,2)=M$1,COUNTA(INDIRECT("'"&$I37&"'!B2:B65")),"") | N37: =IF(RIGHT($I37,2)=N$1,COUNTA(INDIRECT("'"&$I37&"'!B2:B65")),"")
B38: 10 | D38: =_xlfn.XLOOKUP($C38,DATA!$A:$A,DATA!$B:$B,"",0,1) -> 0 | E38: =_xlfn.XLOOKUP($C38,DATA!$A:$A,DATA!C:C,"",0,1) -> 0 | F38: =_xlfn.XLOOKUP($C38,DATA!$A:$A,DATA!D:D,"",0,1) -> 0 | G38: =$B$27&TEXT(B38,"00") -> 110 | I38: =IF(F38=0,"",$G38&"_"&$E38) | K38: =IF(RIGHT($I38,2)=K$1,COUNTA(INDIRECT("'"&$I38&"'!B2:B65")),"") | L38: =IF(RIGHT($I38,2)=L$1,COUNTA(INDIRECT("'"&$I38&"'!B2:B65")),"") | M38: =IF(RIGHT($I38,2)=M$1,COUNTA(INDIRECT("'"&$I38&"'!B2:B65")),"") | N38: =IF(RIGHT($I38,2)=N$1,COUNTA(INDIRECT("'"&$I38&"'!B2:B65")),"")
B39: 11 | D39: =_xlfn.XLOOKUP($C39,DATA!$A:$A,DATA!$B:$B,"",0,1) -> 0 | E39: =_xlfn.XLOOKUP($C39,DATA!$A:$A,DATA!C:C,"",0,1) -> 0 | F39: =_xlfn.XLOOKUP($C39,DATA!$A:$A,DATA!D:D,"",0,1) -> 0 | G39: =$B$27&TEXT(B39,"00") -> 111 | I39: =IF(F39=0,"",$G39&"_"&$E39) | K39: =IF(RIGHT($I39,2)=K$1,COUNTA(INDIRECT("'"&$I39&"'!B2:B65")),"") | L39: =IF(RIGHT($I39,2)=L$1,COUNTA(INDIRECT("'"&$I39&"'!B2:B65")),"") | M39: =IF(RIGHT($I39,2)=M$1,COUNTA(INDIRECT("'"&$I39&"'!B2:B65")),"") | N39: =IF(RIGHT($I39,2)=N$1,COUNTA(INDIRECT("'"&$I39&"'!B2:B65")),"")
B40: 12 | D40: =_xlfn.XLOOKUP($C40,DATA!$A:$A,DATA!$B:$B,"",0,1) -> 0 | E40: =_xlfn.XLOOKUP($C40,DATA!$A:$A,DATA!C:C,"",0,1) -> 0 | F40: =_xlfn.XLOOKUP($C40,DATA!$A:$A,DATA!D:D,"",0,1) -> 0 | G40: =$B$27&TEXT(B40,"00") -> 112 | I40: =IF(F40=0,"",$G40&"_"&$E40) | K40: =IF(RIGHT($I40,2)=K$1,COUNTA(INDIRECT("'"&$I40&"'!B2:B65")),"") | L40: =IF(RIGHT($I40,2)=L$1,COUNTA(INDIRECT("'"&$I40&"'!B2:B65")),"") | M40: =IF(RIGHT($I40,2)=M$1,COUNTA(INDIRECT("'"&$I40&"'!B2:B65")),"") | N40: =IF(RIGHT($I40,2)=N$1,COUNTA(INDIRECT("'"&$I40&"'!B2:B65")),"")
... B46: 18 | D46: =_xlfn.XLOOKUP($C46,DATA!$A:$A,DATA!$B:$B,"",0,1) -> 0 | E46: =_xlfn.XLOOKUP($C46,DATA!$A:$A,DATA!C:C,"",0,1) -> 0 | F46: =_xlfn.XLOOKUP($C46,DATA!$A:$A,DATA!D:D,"",0,1) -> 0 | G46: =$B$27&TEXT(B46,"00") -> 118 | I46: =IF(F46=0,"",$G46&"_"&$E46) | K46: =IF(RIGHT($I46,2)=K$1,COUNTA(INDIRECT("'"&$I46&"'!B2:B65")),"") | L46: =IF(RIGHT($I46,2)=L$1,COUNTA(INDIRECT("'"&$I46&"'!B2:B65")),"") | M46: =IF(RIGHT($I46,2)=M$1,COUNTA(INDIRECT("'"&$I46&"'!B2:B65")),"") | N46: =IF(RIGHT($I46,2)=N$1,COUNTA(INDIRECT("'"&$I46&"'!B2:B65")),"")

Sheet DATA
A3: Module Ref | B3: Description | C3: Type | D3: Channels
A4: X-SB_01 | B4: System Bus | C4: BUS | D4: 0
A5: X-CPU_01 | B5: Processor 01 | C5: CPU | D5: 0
A6: X-CPU_31 | B6: Processor 31 | C6: CPU | D6: 0
A7: X-COM_01 | B7: Communications | C7: COM | D7: 0
A8: X-SPARE | B8: Spare Slot | C8: SPR | D8: 0
A9: X-AI_32_02 | B9: Analogue Input 32 Channels | C9: AI | D9: 32
A10: X-AO_16_01 | B10: Analogue Output 16 Channels | C10: AO | D10: 16
A11: X-DI_32_05 | B11: Digital Input 32 Channels | C11: DI | D11: 32
A12: X-DO_24_01A | B12: Digital Output 24 Channels | C12: DO | D12: 24
